Stfartro_Id;Κωδικός Είδους
5.665,00;031.19.264
5.665,00;031.19.265
5.665,00;009.01.023
5.665,00;007.02.001
5.665,00;007.21.005
5.666,00;012.19.005
5.667,00;009.19.014
5.668,00;026.24.064
5.669,00;031.19.266
5.669,00;031.19.267
5.669,00;009.05.050
5.672,00;006.21.002
5.673,00;031.19.097
5.673,00;031.19.098
5.673,00;031.19.099
5.673,00;031.19.100
5.673,00;028.19.914
5.673,00;028.19.915
5.673,00;028.19.605
5.673,00;028.19.606
5.674,00;028.19.605
5.674,00;028.19.606
5.675,00;017.05.003
5.676,00;012.01.012
5.676,00;011.30.001
5.677,00;017.05.003
5.677,00;024.01.011
5.678,00;015.05.031
5.678,00;015.05.034
5.678,00;015.05.068
5.679,00;019.09.001
5.679,00;020.09.001
5.680,00;010.01.002
5.680,00;012.01.003
5.681,00;011.30.006
5.681,00;002.06.007
5.682,00;006.03.002
5.683,00;018.25.002
5.687,00;031.19.271
5.687,00;008.19.304
5.687,00;031.19.110
5.687,00;031.19.151
5.687,00;031.19.272
5.687,00;006.21.003
5.687,00;026.24.065
5.688,00;028.19.485
5.688,00;031.19.273
5.688,00;031.19.274
5.688,00;031.19.275
5.689,00;031.19.268
5.689,00;031.19.269
5.689,00;031.19.270
5.689,00;031.12.044
5.689,00;026.24.022
5.690,00;015.03.002
5.690,00;012.30.001
5.690,00;011.30.006
5.690,00;010.01.001
5.690,00;014.30.001
5.690,00;014.30.008
5.691,00;012.19.012
5.691,00;010.20.008
5.691,00;028.19.406
5.691,00;031.19.276
5.691,00;008.12.054
5.691,00;031.19.277
5.691,00;028.19.971
5.691,00;031.12.036
5.692,00;026.24.055
5.692,00;026.24.054
5.692,00;031.19.197
5.692,00;031.19.198
5.692,00;031.12.029
5.692,00;012.01.011
5.693,00;008.19.576
5.694,00;014.30.001
5.695,00;015.03.001
5.696,00;012.01.004
5.696,00;012.01.003
5.696,00;012.01.012
5.696,00;012.01.011
5.696,00;012.28.001
5.696,00;011.30.001
5.696,00;012.30.001
5.696,00;012.30.002
5.697,00;023.01.007
5.698,00;010.01.002
5.698,00;012.01.012
5.698,00;015.01.011
5.699,00;010.01.001
5.699,00;012.01.011
5.699,00;027.19.011
5.699,00;011.19.016
5.705,00;008.19.033
5.705,00;008.19.035
5.705,00;008.19.677
5.705,00;008.19.142
5.705,00;008.19.189
5.705,00;028.12.060
5.706,00;002.06.006
5.707,00;018.04.026
5.708,00;031.19.248
5.708,00;031.19.243
5.709,00;031.19.278
5.710,00;004.06.003
5.710,00;002.06.024
5.713,00;024.25.001
5.713,00;026.13.002
5.714,00;008.19.881
5.714,00;008.19.142
5.714,00;025.13.030
5.719,00;008.19.490
5.719,00;009.05.050
5.719,00;015.03.003
5.720,00;006.21.011
5.721,00;017.05.003
5.722,00;024.07.017
5.722,00;004.06.003
5.729,00;013.20.002
5.729,00;013.20.001
5.730,00;011.01.061
5.730,00;011.01.063
5.731,00;031.19.209
5.733,00;014.05.019
5.733,00;014.05.022
5.733,00;013.01.030
5.733,00;014.30.006
5.735,00;011.30.005
5.735,00;011.30.003
5.735,00;010.01.001
5.735,00;012.19.004
5.735,00;012.01.011
5.735,00;002.06.006
5.735,00;002.06.005
5.735,00;002.06.009
5.735,00;014.30.006
5.735,00;008.19.274
5.735,00;006.21.003
5.735,00;006.21.001
5.735,00;008.19.610
5.735,00;008.19.412
5.736,00;008.19.684
5.736,00;008.19.598
5.736,00;008.19.963
5.736,00;008.19.964
5.736,00;028.19.916
5.736,00;031.19.040
5.736,00;031.19.171
5.736,00;008.19.135
5.736,00;008.19.583
5.736,00;004.06.001
5.736,00;006.03.002
5.736,00;008.19.319
5.737,00;008.19.599
5.737,00;031.18.001
5.737,00;008.19.312
5.737,00;008.12.043
5.737,00;008.12.042
5.737,00;031.12.045
5.737,00;028.19.189
5.737,00;008.19.873
5.738,00;031.12.046
5.739,00;008.19.560
5.740,00;015.03.003
5.740,00;006.03.002
5.743,00;031.19.279
5.744,00;012.28.001
5.747,00;019.09.002
5.747,00;019.09.001
5.747,00;020.09.001
5.748,00;014.30.008
5.748,00;012.19.006
5.751,00;031.19.280
5.751,00;031.19.281
5.752,00;027.19.016
5.753,00;008.19.788
5.753,00;008.19.698
5.753,00;008.19.087
5.753,00;024.13.002
5.753,00;006.21.004
5.753,00;004.06.001
5.753,00;004.06.003
5.753,00;015.03.004
5.754,00;013.05.116
5.754,00;013.05.118
5.754,00;006.21.002
5.754,00;028.12.015
5.754,00;028.12.080
5.754,00;013.05.029
5.755,00;016.01.003
5.755,00;015.01.011
5.756,00;004.06.003
5.758,00;028.19.759
5.762,00;012.01.012
5.762,00;010.01.002
5.764,00;006.21.001
5.764,00;006.21.002
5.764,00;006.21.011
5.765,00;011.01.063
5.766,00;002.06.013
5.767,00;002.06.013
5.768,00;024.25.067
5.768,00;024.25.080
5.770,00;028.19.782
5.770,00;015.01.011
5.771,00;002.06.007
5.771,00;011.30.005
5.771,00;011.30.006
5.772,00;015.03.001
5.773,00;008.19.143
5.774,00;016.01.022
5.775,00;014.30.008
5.775,00;010.01.002
5.775,00;012.01.012
5.776,00;012.30.006
5.776,00;012.30.005
5.777,00;004.06.001
5.777,00;006.03.002
5.777,00;006.21.003
5.778,00;010.01.001
5.780,00;011.12.003
5.780,00;011.12.002
5.780,00;011.12.001
5.780,00;011.12.005
5.780,00;011.12.006
5.780,00;011.12.004
5.780,00;011.12.016
5.781,00;008.19.575
5.784,00;010.01.002
5.784,00;010.01.001
5.784,00;011.01.045
5.784,00;011.01.054
5.785,00;015.03.004
5.786,00;016.01.022
5.786,00;012.01.012
5.787,00;015.03.002
5.788,00;006.21.004
5.788,00;015.03.005
5.789,00;006.21.011
5.789,00;002.06.010
5.789,00;002.06.007
5.789,00;005.06.003
5.790,00;013.05.029
5.790,00;028.19.403
5.790,00;015.30.003
5.790,00;014.30.012
5.791,00;026.18.068
5.791,00;026.19.002
5.794,00;012.28.001
5.794,00;013.05.056
5.795,00;016.01.023
5.795,00;016.17.014
5.796,00;008.19.642
5.796,00;008.19.726
5.796,00;008.19.755
5.796,00;008.12.009
5.796,00;008.12.010
5.796,00;001.02.004
5.796,00;015.03.003
5.796,00;020.08.006
5.797,00;028.19.880
5.798,00;028.19.337
5.798,00;028.19.509
5.798,00;031.19.282
5.798,00;028.19.431
5.798,00;031.19.283
5.798,00;031.19.284
5.798,00;031.12.047
5.803,00;011.19.015
5.803,00;012.19.006
5.807,00;011.19.025
5.808,00;013.05.029
5.808,00;028.19.403
5.808,00;014.30.008
5.808,00;014.19.004
5.809,00;008.19.860
5.810,00;002.06.013
5.810,00;002.06.017
5.813,00;031.30.002
5.815,00;016.05.001
5.816,00;028.19.252
5.817,00;028.12.023
5.817,00;028.12.022
5.818,00;031.19.058
5.818,00;031.19.059
5.818,00;031.19.045
5.818,00;031.19.047
5.819,00;031.19.286
5.820,00;031.19.285
5.820,00;008.19.782
5.820,00;008.19.747
5.820,00;008.01.366
5.821,00;012.19.004
5.821,00;012.28.002
5.823,00;017.05.003
5.824,00;016.01.022
5.824,00;015.03.004
5.825,00;012.01.003
5.826,00;020.09.002
5.827,00;027.19.006
5.828,00;006.21.009
5.829,00;009.05.001
5.829,00;009.05.003
5.836,00;015.03.004
5.836,00;015.03.003
5.837,00;002.02.003
5.838,00;001.02.014
5.838,00;015.05.035
5.840,00;008.19.742
5.840,00;006.21.002
5.841,00;028.19.966
5.844,00;006.03.002
5.844,00;006.21.002
5.845,00;024.07.012
5.845,00;011.01.051
5.847,00;020.08.001
5.847,00;020.08.002
5.847,00;019.08.004
5.847,00;020.08.008
5.852,00;009.03.005
5.852,00;015.03.004
5.854,00;025.13.013
5.854,00;025.13.029
5.855,00;020.08.001
5.855,00;019.08.004
5.856,00;011.30.004
5.857,00;031.19.180
5.857,00;031.12.029
5.857,00;016.01.023
5.857,00;027.19.001
5.857,00;010.01.001
5.858,00;012.01.012
5.859,00;004.06.003
5.859,00;006.03.002
5.859,00;006.21.003
5.860,00;020.09.001
5.861,00;024.01.011
5.862,00;004.06.001
5.863,00;015.03.001
5.866,00;008.19.699
5.866,00;008.12.012
5.866,00;001.02.004
5.867,00;001.02.004
5.867,00;006.21.001
5.867,00;006.21.003
5.867,00;009.05.041
5.867,00;009.05.027
5.868,00;018.04.003
5.868,00;008.19.040
5.868,00;015.03.002
5.869,00;001.02.008
5.869,00;009.19.015
5.870,00;028.19.141
5.871,00;031.19.287
5.871,00;031.19.288
5.871,00;031.19.289
5.871,00;031.19.290
5.872,00;031.12.019
5.872,00;008.19.834
5.872,00;031.19.291
5.873,00;031.19.294
5.874,00;031.19.292
5.874,00;031.19.293
5.875,00;019.09.001
5.876,00;011.05.028
5.876,00;001.02.010
5.876,00;006.21.002
5.876,00;012.19.006
5.876,00;012.19.004
5.876,00;012.28.002
5.877,00;015.03.004
5.877,00;015.03.003
5.878,00;024.01.002
5.884,00;031.19.056
5.885,00;031.19.295
5.885,00;008.19.597
5.885,00;031.19.296
5.885,00;031.12.048
5.885,00;031.19.172
5.885,00;031.19.299
5.886,00;012.30.005
5.887,00;012.30.006
5.888,00;008.19.677
5.888,00;008.19.142
5.888,00;011.19.015
5.888,00;010.01.001
5.888,00;012.19.005
5.888,00;025.13.030
5.888,00;008.19.117
5.889,00;014.19.004
5.889,00;010.01.002
5.890,00;031.19.013
5.891,00;012.19.004
5.891,00;014.30.008
5.891,00;028.19.339
5.892,00;017.05.003
5.893,00;031.19.297
5.893,00;031.19.298
5.893,00;028.12.080
5.893,00;014.19.004
5.893,00;016.01.023
5.893,00;023.01.020
5.900,00;024.25.011
5.901,00;006.21.009
5.902,00;006.21.011
5.897,00;010.01.002
5.897,00;010.01.002
5.897,00;010.01.002
5.897,00;002.06.010
5.897,00;002.06.010
5.897,00;002.06.010
5.897,00;015.03.002
5.897,00;014.05.009
5.897,00;012.01.012
5.897,00;012.01.012
5.897,00;012.01.012
5.897,00;012.01.012
5.897,00;012.01.012
5.897,00;027.19.006
5.897,00;027.19.006
5.897,00;027.19.006
5.897,00;027.19.006
5.897,00;027.19.006
5.897,00;027.19.006
5.897,00;008.01.366
5.897,00;008.01.367
5.897,00;011.01.045
5.897,00;008.19.236
5.897,00;008.19.236
5.897,00;008.19.236
5.897,00;008.19.236
5.897,00;008.19.238
5.897,00;008.19.240
5.897,00;008.12.067
5.897,00;008.12.067
5.897,00;013.20.001
5.897,00;013.20.001
5.897,00;008.19.267
5.897,00;008.19.267
5.897,00;008.19.267
5.897,00;011.19.012
5.897,00;011.19.012
5.897,00;011.19.012
5.897,00;008.19.662
5.897,00;008.19.662
5.897,00;008.19.663
5.897,00;008.19.702
5.897,00;026.20.023
5.897,00;008.12.144
5.897,00;008.12.145
5.897,00;008.12.145
5.897,00;026.05.013
5.897,00;026.05.013
5.897,00;006.21.002
5.897,00;006.21.002
5.897,00;026.01.021
5.897,00;014.19.002
5.897,00;014.19.002
5.897,00;014.19.004
5.897,00;028.19.315
5.897,00;028.19.315
5.897,00;028.19.315
5.897,00;028.19.315
5.897,00;028.19.315
5.897,00;028.19.315
5.897,00;028.19.320
5.897,00;026.20.056
5.897,00;028.19.386
5.897,00;026.30.015
5.897,00;012.28.001
5.897,00;012.28.001
5.897,00;028.19.818
5.897,00;028.01.002
5.897,00;028.01.002
5.897,00;028.01.002
5.897,00;024.01.008
5.897,00;028.19.892
5.897,00;028.19.893
5.897,00;028.19.908
5.897,00;026.30.022
5.897,00;031.19.142
5.897,00;009.18.011
5.897,00;031.19.163
5.897,00;013.01.044
5.897,00;026.01.090
5.897,00;009.24.003
5.898,00;026.01.017
5.905,00;011.30.004
5.905,00;011.30.006
5.905,00;011.30.005
5.906,00;018.25.002
5.907,00;016.05.005
5.908,00;013.01.046
5.908,00;013.05.057
5.908,00;013.01.040
5.908,00;015.01.018
5.908,00;016.01.025
5.911,00;016.01.003
5.911,00;024.01.002
5.911,00;026.18.021
5.911,00;001.02.008
5.913,00;024.25.001
5.913,00;026.18.021
5.913,00;024.01.002
5.914,00;028.19.632
5.914,00;031.19.064
5.914,00;031.19.065
5.914,00;031.19.066
5.916,00;031.19.156
5.916,00;031.19.042
5.916,00;028.19.718
5.916,00;031.12.004
5.916,00;031.19.043
5.916,00;031.12.005
5.916,00;031.12.006
5.916,00;031.19.300
5.916,00;031.19.301
5.916,00;031.12.040
5.916,00;031.12.049
5.916,00;028.19.620
5.917,00;015.30.004
5.918,00;015.05.004
5.918,00;011.01.051
5.918,00;011.30.013
5.920,00;008.19.038
5.924,00;006.21.002
5.924,00;006.21.011
5.925,00;002.33.001
5.927,00;012.28.002
5.928,00;010.01.001
5.928,00;014.19.002
5.928,00;015.05.057
5.928,00;012.19.006
5.928,00;012.19.004
5.928,00;012.28.002
5.928,00;012.01.011
5.930,00;011.30.003
5.930,00;010.01.015
5.930,00;010.30.001
5.931,00;011.30.003
5.931,00;011.30.002
5.931,00;011.30.013
5.931,00;015.30.003
5.932,00;011.30.015
5.933,00;011.30.003
5.933,00;011.30.002
5.934,00;027.19.009
5.935,00;011.01.045
5.935,00;010.30.002
5.936,00;028.19.400
5.936,00;028.12.015
5.936,00;008.19.455
5.936,00;028.19.016
5.936,00;028.12.028
5.936,00;028.12.011
5.936,00;028.12.012
5.936,00;011.30.003
5.936,00;011.30.002
5.936,00;004.02.005
5.936,00;002.06.023
5.937,00;006.21.001
5.937,00;012.30.006
5.938,00;031.19.179
5.939,00;031.19.302
5.939,00;031.19.303
5.939,00;031.19.304
5.939,00;031.12.050
5.939,00;031.12.051
5.940,00;016.01.023
5.940,00;016.17.014
5.941,00;028.19.593
5.941,00;028.19.929
5.942,00;016.01.023
5.942,00;011.30.003
5.942,00;011.30.004
5.943,00;008.19.316
5.943,00;008.19.318
5.943,00;008.19.319
5.948,00;008.19.088
5.948,00;008.19.840
5.948,00;015.03.002
5.948,00;015.03.004
5.948,00;026.13.002
5.949,00;028.19.782
5.949,00;015.30.005
5.950,00;004.06.001
5.950,00;006.21.004
5.950,00;009.19.010
5.951,00;006.03.002
5.951,00;004.06.003
5.952,00;012.01.011
5.952,00;010.30.001
5.954,00;006.03.002
5.955,00;031.12.052
5.956,00;031.19.307
5.956,00;028.19.290
5.956,00;031.19.276
5.956,00;028.12.037
5.956,00;008.19.038
5.956,00;011.30.002
5.958,00;001.02.010
5.959,00;013.05.029
5.959,00;028.19.341
5.959,00;031.19.082
5.959,00;002.06.006
5.959,00;002.06.009
5.959,00;031.12.054
5.959,00;031.12.053
5.959,00;001.02.010
5.959,00;008.12.091
5.959,00;011.30.003
5.961,00;024.25.011
5.962,00;010.01.013
5.962,00;013.05.029
5.962,00;028.19.339
5.962,00;013.20.002
5.962,00;014.19.003
5.962,00;013.05.015
5.962,00;010.30.001
5.962,00;012.01.011
5.962,00;012.01.012
5.963,00;011.19.021
5.963,00;011.30.003
5.965,00;016.01.023
5.966,00;016.01.023
5.966,00;008.12.091
5.966,00;028.19.493
5.966,00;028.19.399
5.966,00;028.19.463
5.966,00;008.19.455
5.966,00;015.30.005
5.966,00;014.19.002
5.966,00;002.06.007
5.966,00;010.01.001
5.966,00;010.30.001
5.971,00;012.01.012
5.972,00;012.30.005
5.972,00;027.19.020
5.977,00;017.05.003
5.977,00;002.06.017
5.977,00;004.02.001
5.977,00;002.06.013
5.977,00;006.03.002
5.977,00;006.21.002
5.977,00;006.21.011
5.978,00;010.30.002
5.978,00;010.30.001
5.979,00;015.03.005
5.980,00;008.12.106
5.981,00;011.30.003
5.981,00;001.02.010
5.981,00;002.06.006
5.981,00;015.05.056
5.984,00;010.01.002
5.985,00;002.06.023
5.986,00;028.19.253
5.989,00;018.07.002
5.989,00;018.07.001
5.990,00;031.19.067
5.990,00;028.19.385
5.990,00;028.19.386
5.990,00;008.19.070
5.990,00;011.30.006
5.991,00;028.19.805
5.991,00;028.19.759
5.991,00;031.19.308
5.991,00;028.19.700
5.991,00;031.19.226
5.992,00;028.19.155
5.992,00;028.19.156
5.992,00;011.30.002
5.993,00;017.05.003
5.994,00;012.19.006
5.994,00;012.19.004
5.994,00;012.01.004
5.997,00;015.03.005
5.998,00;026.24.066
5.999,00;009.19.012
6.000,00;009.01.002
6.001,00;016.01.023
6.001,00;016.17.014
6.003,00;008.19.715
6.004,00;028.19.954
6.004,00;028.19.955
6.004,00;028.19.956
6.005,00;011.30.005
6.007,00;012.01.012
6.008,00;028.12.088
6.009,00;006.21.009
6.010,00;010.01.003
6.010,00;010.01.013
6.010,00;026.30.029
6.010,00;026.05.014
6.013,00;015.30.003
6.013,00;011.01.051
6.014,00;012.01.012
6.014,00;014.19.004
6.014,00;014.19.002
6.014,00;013.20.001
6.015,00;012.01.011
6.015,00;028.19.403
6.015,00;010.30.001
6.015,00;013.20.002
6.015,00;013.05.015
6.016,00;028.19.718
6.016,00;031.12.004
6.016,00;031.19.043
6.016,00;031.12.005
6.016,00;031.12.006
6.016,00;028.19.620
6.016,00;008.12.062
6.016,00;008.12.061
6.016,00;027.19.017
6.016,00;027.19.018
6.016,00;027.19.020
6.016,00;011.19.021
6.016,00;027.19.023
6.016,00;027.19.024
6.017,00;011.30.003
6.034,00;002.06.013
6.018,00;008.19.639
6.019,00;018.25.007
6.020,00;012.01.012
6.020,00;010.30.002
6.021,00;010.30.001
6.021,00;010.01.013
6.021,00;012.01.011
6.022,00;020.09.001
6.027,00;012.30.006
6.035,00;031.19.058
6.035,00;031.19.057
6.036,00;031.19.309
6.036,00;008.19.587
6.036,00;008.19.414
6.036,00;031.19.310
6.036,00;004.06.001
6.036,00;012.01.028
6.036,00;012.01.029
6.036,00;009.01.033
6.036,00;009.01.034
6.036,00;031.01.007
6.036,00;009.01.032
6.039,00;008.19.039
6.040,00;025.13.013
6.040,00;025.13.030
6.041,00;008.19.033
6.041,00;008.19.035
6.041,00;008.19.142
6.041,00;028.19.463
6.041,00;008.19.455
6.041,00;028.19.400
6.041,00;015.30.005
6.042,00;031.19.072
6.042,00;028.19.128
6.042,00;028.19.495
6.042,00;028.19.965
6.042,00;031.19.311
6.043,00;019.08.007
6.043,00;019.08.008
6.045,00;012.01.004
6.045,00;012.01.003
6.045,00;011.05.028
6.045,00;011.05.031
6.045,00;011.30.003
6.046,00;008.19.039
6.048,00;030.01.001
6.048,00;027.19.016
6.048,00;027.19.018
6.048,00;027.19.022
6.048,00;027.19.023
6.048,00;026.24.022
6.044,00;019.08.005
6.044,00;020.08.014
6.044,00;019.08.006
6.049,00;028.19.094
6.050,00;024.25.011
6.051,00;028.12.060
6.052,00;009.05.032
6.052,00;027.19.026
6.052,00;011.19.015
6.052,00;006.21.002
6.053,00;028.19.549
6.058,00;005.06.008
6.058,00;005.06.009
6.058,00;002.06.013
6.058,00;007.06.002
6.058,00;007.06.003
6.058,00;026.06.005
6.059,00;015.01.005
6.059,00;012.01.012
6.059,00;008.12.122
6.059,00;010.05.011
6.060,00;028.19.155
6.060,00;012.01.011
6.062,00;031.19.013
6.062,00;031.19.006
6.062,00;026.18.021
6.063,00;028.19.182
6.064,00;008.19.896
6.064,00;008.19.897
6.064,00;031.19.165
6.064,00;008.19.317
6.064,00;008.19.039
6.064,00;009.19.001
6.064,00;008.19.135
6.064,00;008.19.316
6.064,00;002.02.003
6.065,00;014.05.032
6.065,00;015.01.018
6.066,00;011.19.015
6.068,00;030.30.002
6.069,00;027.19.010
6.069,00;011.19.015
6.069,00;011.19.020
6.069,00;011.19.016
6.069,00;027.19.026
6.070,00;009.19.012
6.076,00;015.30.005
6.077,00;019.09.001
6.077,00;020.09.001
6.077,00;026.18.021
6.078,00;006.21.007
6.079,00;012.01.011
6.079,00;010.01.001
6.079,00;010.30.001
6.079,00;009.01.026
6.079,00;009.01.024
6.080,00;028.19.873
6.081,00;015.03.005
6.085,00;015.03.002
6.085,00;015.03.004
6.086,00;006.21.002
6.087,00;002.06.006
6.087,00;001.02.010
6.087,00;001.02.007
6.087,00;001.02.008
6.088,00;010.20.001
6.088,00;010.01.002
6.088,00;014.19.004
6.088,00;012.30.001
6.089,00;019.09.002
6.090,00;010.01.002
6.090,00;010.01.002
6.090,00;010.01.002
6.090,00;010.01.002
6.090,00;002.06.010
6.090,00;012.01.012
6.090,00;012.01.012
6.090,00;012.01.012
6.090,00;012.01.012
6.090,00;012.01.012
6.090,00;027.19.006
6.090,00;008.01.366
6.090,00;015.01.018
6.090,00;011.01.045
6.090,00;011.01.045
6.090,00;011.01.045
6.090,00;008.19.070
6.090,00;008.19.236
6.090,00;008.19.236
6.090,00;008.19.236
6.090,00;008.19.236
6.090,00;008.19.236
6.090,00;008.19.240
6.090,00;008.19.240
6.090,00;008.12.067
6.090,00;008.12.067
6.090,00;008.12.067
6.090,00;013.20.001
6.090,00;013.20.001
6.090,00;008.19.333
6.090,00;008.19.662
6.090,00;008.19.663
6.090,00;008.19.663
6.090,00;008.19.663
6.090,00;008.12.115
6.090,00;008.19.702
6.090,00;028.12.014
6.090,00;028.12.014
6.090,00;028.12.014
6.090,00;014.19.002
6.090,00;009.19.009
6.090,00;018.19.001
6.090,00;014.19.004
6.090,00;014.19.004
6.090,00;028.19.315
6.090,00;028.19.315
6.090,00;028.19.315
6.090,00;028.19.315
6.090,00;028.19.315
6.090,00;028.19.315
6.090,00;028.19.315
6.090,00;028.19.320
6.090,00;028.19.386
6.090,00;028.19.419
6.090,00;009.28.001
6.090,00;009.28.003
6.090,00;028.19.639
6.090,00;028.19.645
6.090,00;028.19.818
6.090,00;028.19.818
6.090,00;028.19.818
6.090,00;028.19.818
6.090,00;028.01.002
6.090,00;028.01.002
6.090,00;028.01.002
6.090,00;028.01.002
6.090,00;024.01.008
6.090,00;024.01.008
6.090,00;028.19.908
6.090,00;026.30.022
6.090,00;031.19.018
6.090,00;026.30.026
6.090,00;026.30.027
6.090,00;026.30.028
6.090,00;011.20.005
6.090,00;029.30.005
6.090,00;031.01.006
6.091,00;026.20.050
6.095,00;006.21.001
6.095,00;006.21.011
6.096,00;006.21.011
6.096,00;011.30.005
6.096,00;011.30.006
6.097,00;010.30.002
6.098,00;027.19.009
6.099,00;028.19.805
6.099,00;016.01.023
6.099,00;016.17.014
6.101,00;024.25.005
6.101,00;024.25.006
6.102,00;002.06.006
6.102,00;002.06.010
6.104,00;015.03.003
6.113,00;015.03.005
6.113,00;012.01.012
6.114,00;008.19.749
6.114,00;008.19.368
6.114,00;024.01.011
6.114,00;011.01.051
6.115,00;008.19.126
6.115,00;028.19.623
6.115,00;028.19.475
6.115,00;024.25.011
6.115,00;009.19.016
6.116,00;002.06.031
6.117,00;008.19.037
6.117,00;008.19.038
6.117,00;008.19.039
6.117,00;008.19.322
6.117,00;008.19.313
6.117,00;008.19.314
6.121,00;001.21.001
6.121,00;001.02.004
6.121,00;006.21.001
6.121,00;006.21.003
6.121,00;006.21.011
6.121,00;006.21.002
6.121,00;031.19.313
6.127,00;004.06.003
6.128,00;008.19.193
6.128,00;009.05.032
6.129,00;010.30.001
6.129,00;012.01.012
6.129,00;010.01.003
6.131,00;028.19.542
6.131,00;009.19.010
6.131,00;018.19.001
6.131,00;026.24.022
6.130,00;008.19.665
6.130,00;006.21.002
6.130,00;006.21.003
6.130,00;028.19.512
6.130,00;028.19.515
6.130,00;006.21.011
6.130,00;031.19.101
6.130,00;031.19.305
6.130,00;031.19.306
6.130,00;019.08.005
6.130,00;020.08.014
6.130,00;019.08.006
6.133,00;028.19.399
6.134,00;028.19.752
6.135,00;009.19.014
6.135,00;026.24.022
6.136,00;011.30.015
6.136,00;031.19.315
6.136,00;012.28.001
6.137,00;011.30.003
6.137,00;027.19.008
6.137,00;012.01.003
6.138,00;012.01.012
6.139,00;028.19.809
6.140,00;015.03.004
6.140,00;015.03.003
6.140,00;006.03.002
6.141,00;008.19.677
6.141,00;008.19.142
6.141,00;027.19.011
6.141,00;025.13.030
6.141,00;012.19.005
6.142,00;028.19.187
6.142,00;008.19.836
6.142,00;028.19.757
6.142,00;008.19.154
6.156,00;002.06.024
6.163,00;002.06.024
6.149,00;022.04.002
6.151,00;002.06.024
6.152,00;010.01.002
6.152,00;010.30.002
6.164,00;002.06.031
6.165,00;028.19.339
6.165,00;008.01.242
6.165,00;028.12.027
6.165,00;026.24.022
6.166,00;012.01.004
6.166,00;012.30.001
6.166,00;011.01.045
6.167,00;024.07.012
6.168,00;004.06.001
6.168,00;001.21.002
6.168,00;015.03.002
6.168,00;015.03.004
6.169,00;009.19.015
6.169,00;024.25.010
6.170,00;026.05.022
6.171,00;006.09.002
6.150,00;002.06.006
6.150,00;011.30.002
6.150,00;011.30.003
6.176,00;003.02.011
6.176,00;006.21.006
6.176,00;009.19.012
6.176,00;009.19.013
6.176,00;009.19.014
6.176,00;006.21.009
6.176,00;009.19.017
6.177,00;028.19.593
6.177,00;028.19.876
6.177,00;028.19.929
6.178,00;013.01.008
6.178,00;008.19.033
6.178,00;008.19.035
6.178,00;008.19.142
6.178,00;008.19.189
6.178,00;013.20.001
6.178,00;008.19.341
6.178,00;028.19.400
6.178,00;016.01.023
6.179,00;028.19.605
6.179,00;028.19.606
6.179,00;028.19.914
6.179,00;028.19.915
6.179,00;031.19.097
6.179,00;031.19.098
6.179,00;031.19.099
6.179,00;031.19.100
6.180,00;028.19.605
6.180,00;028.19.605
6.180,00;028.19.606
6.180,00;028.19.606
6.183,00;011.30.001
6.183,00;026.24.022
6.184,00;022.04.003
6.185,00;015.01.005
6.185,00;013.30.004
6.185,00;013.30.005
6.186,00;001.21.002
6.186,00;025.13.031
6.189,00;008.19.629
6.189,00;031.05.002
6.192,00;006.21.002
6.193,00;015.03.002
6.188,00;012.01.003
6.188,00;014.05.005
6.188,00;015.01.005
6.188,00;013.05.055
6.188,00;012.01.012
6.188,00;012.30.001
6.188,00;013.05.115
6.188,00;014.19.004
6.188,00;016.01.023
6.188,00;013.30.003
6.196,00;031.19.320
6.196,00;028.12.047
6.197,00;031.19.101
6.197,00;006.21.002
6.197,00;006.21.011
6.197,00;006.21.003
6.197,00;001.21.003
6.198,00;031.19.316
6.198,00;031.19.317
6.199,00;012.19.005
6.200,00;028.19.581
6.200,00;031.19.318
6.200,00;031.19.319
6.200,00;008.01.271
6.200,00;008.01.272
6.202,00;008.19.033
6.202,00;028.19.048
6.202,00;008.19.036
6.205,00;028.12.080
6.205,00;028.19.503
6.206,00;028.19.542
6.206,00;026.24.022
6.208,00;008.19.742
6.208,00;028.19.953
6.208,00;007.02.001
6.208,00;002.06.013
6.209,00;008.19.359
6.210,00;024.25.011
6.211,00;019.09.002
6.213,00;031.19.322
6.213,00;019.08.004
6.213,00;020.08.002
6.214,00;014.19.004
6.214,00;011.30.002
6.214,00;010.30.002
6.215,00;024.01.009
6.216,00;009.05.025
6.218,00;012.19.005
6.218,00;012.01.011
6.222,00;012.01.012
6.222,00;010.01.002
6.222,00;011.30.002
6.222,00;014.19.004
6.222,00;015.30.005
6.222,00;028.19.782
6.223,00;031.19.323
6.224,00;008.19.639
6.225,00;006.21.002
6.225,00;002.06.023
6.225,00;001.02.014
6.226,00;004.06.001
6.226,00;001.02.003
6.226,00;006.03.002
6.226,00;015.03.004
6.226,00;015.03.001
6.226,00;015.03.003
6.226,00;024.13.002
6.227,00;008.19.319
6.227,00;024.07.012
6.227,00;024.01.002
6.228,00;006.21.011
6.228,00;006.03.002
6.228,00;002.06.007
6.228,00;002.06.006
6.228,00;005.06.002
6.228,00;011.30.002
6.229,00;024.25.010
6.230,00;001.02.014
6.230,00;001.02.003
6.230,00;006.21.011
6.231,00;013.05.029
6.231,00;028.19.403
6.232,00;025.13.008
6.232,00;025.13.038
6.233,00;026.25.003
6.237,00;015.30.005
6.237,00;015.30.007
6.241,00;030.01.003
6.241,00;027.19.018
6.241,00;011.19.021
6.241,00;027.19.017
6.241,00;014.19.004
6.241,00;014.19.002
6.241,00;013.05.040
6.241,00;013.05.041
6.241,00;014.19.003
6.241,00;014.30.010
6.241,00;008.01.367
6.241,00;012.01.012
6.242,00;006.21.003
6.242,00;006.03.002
6.242,00;006.21.011
6.242,00;002.06.006
6.242,00;002.06.007
6.242,00;002.06.010
6.242,00;002.06.011
6.242,00;006.21.009
6.242,00;031.19.324
6.243,00;004.02.002
6.244,00;020.09.002
6.247,00;006.21.002
6.247,00;006.21.011
6.248,00;031.19.325
6.248,00;028.19.040
6.248,00;031.12.055
6.248,00;031.12.056
6.249,00;016.01.005
6.250,00;009.19.013
6.251,00;031.19.197
6.251,00;031.19.314
6.251,00;031.19.180
6.251,00;012.01.011
6.252,00;008.19.493
6.252,00;010.01.001
6.252,00;011.01.054
6.256,00;027.19.018
6.256,00;027.19.017
6.256,00;011.19.021
6.256,00;027.19.023
6.256,00;030.01.003
6.258,00;016.01.022
6.259,00;011.19.015
6.259,00;011.19.016
6.266,00;025.13.013
6.266,00;011.19.015
6.266,00;010.01.001
6.266,00;012.01.012
6.266,00;028.19.492
6.266,00;028.19.385
6.266,00;011.01.054
6.268,00;024.25.010
6.269,00;013.01.020
6.269,00;013.05.117
6.269,00;013.05.047
6.269,00;013.05.031
6.269,00;014.19.004
6.269,00;014.19.002
6.269,00;015.30.005
6.269,00;009.28.003
6.269,00;011.30.003
6.270,00;019.09.002
6.271,00;028.19.730
6.271,00;008.19.118
6.271,00;015.03.002
6.271,00;015.03.004
6.271,00;024.07.012
6.272,00;008.19.630
6.272,00;031.19.327
6.272,00;028.19.514
6.272,00;028.19.515
6.273,00;031.19.326
6.277,00;009.05.003
6.278,00;019.09.001
6.279,00;010.30.002
6.279,00;009.01.026
6.279,00;009.01.024
6.288,00;008.12.010
6.288,00;028.19.189
6.288,00;031.19.328
6.288,00;015.05.013
6.289,00;026.01.055
6.289,00;008.19.070
6.289,00;016.01.023
6.289,00;016.17.014
6.290,00;019.09.001
6.290,00;020.09.001
6.291,00;012.01.011
6.292,00;001.02.008
6.292,00;001.02.003
6.292,00;011.19.025
6.292,00;006.03.002
6.292,00;006.21.003
6.292,00;015.03.005
6.292,00;008.19.313
6.292,00;004.06.003
6.292,00;024.01.002
6.292,00;024.07.017
6.293,00;028.19.382
6.293,00;031.19.146
6.293,00;008.19.658
6.295,00;031.12.004
6.295,00;031.19.043
6.295,00;031.12.005
6.295,00;031.12.006
6.295,00;031.12.040
6.295,00;028.19.620
6.295,00;008.12.062
6.295,00;008.12.061
6.295,00;031.19.300
6.295,00;028.19.718
6.295,00;031.19.042
6.295,00;027.19.016
6.295,00;027.19.017
6.295,00;027.19.018
6.295,00;011.19.021
6.295,00;027.19.023
6.295,00;027.19.024
6.294,00;010.01.002
6.294,00;027.19.020
6.294,00;006.21.001
6.294,00;006.21.009
6.294,00;006.21.009
6.294,00;028.19.528
6.294,00;028.19.529
6.294,00;028.19.942
6.294,00;012.30.005
6.294,00;012.30.006
6.294,00;013.28.007
6.294,00;013.28.007
6.294,00;013.28.008
6.294,00;013.28.008
6.294,00;031.19.243
6.294,00;031.19.248
6.294,00;031.19.248
6.299,00;004.06.003
6.300,00;012.19.006
6.302,00;028.19.403
6.302,00;012.01.011
6.302,00;015.01.005
6.303,00;007.21.005
6.304,00;002.06.006
6.304,00;002.06.008
6.304,00;001.02.006
6.304,00;001.02.010
6.304,00;001.02.007
6.305,00;011.01.045
6.306,00;010.01.002
6.308,00;009.19.015
6.308,00;008.19.356
6.309,00;008.12.090
6.310,00;002.06.018
6.310,00;006.21.002
6.311,00;008.19.318
6.311,00;015.03.004
6.311,00;015.03.005
6.313,00;010.01.002
6.313,00;012.01.012
6.313,00;008.19.236
6.313,00;014.19.004
6.313,00;028.19.315
6.313,00;028.19.315
6.313,00;028.19.320
6.313,00;028.19.645
6.313,00;028.19.908
6.313,00;026.30.023
6.318,00;031.19.027
6.318,00;009.19.001
6.318,00;008.19.135
6.318,00;008.19.583
6.319,00;026.18.101
6.320,00;007.02.001
6.320,00;026.18.021
6.320,00;024.15.003
6.321,00;028.19.446
6.323,00;009.01.001
6.323,00;008.19.038
6.323,00;006.21.009
6.324,00;010.30.002
6.325,00;010.01.002
6.325,00;010.30.002
6.325,00;001.02.010
6.326,00;015.03.005
6.329,00;010.01.002
6.329,00;010.01.002
6.329,00;010.01.002
6.329,00;010.01.002
6.329,00;010.01.002
6.329,00;002.06.010
6.329,00;015.03.005
6.329,00;012.01.012
6.329,00;012.01.012
6.329,00;012.01.012
6.329,00;012.01.012
6.329,00;008.19.236
6.329,00;008.19.236
6.329,00;008.19.236
6.329,00;008.19.240
6.329,00;008.19.240
6.329,00;008.19.240
6.329,00;008.12.067
6.329,00;008.12.067
6.329,00;013.20.001
6.329,00;013.20.001
6.329,00;011.19.012
6.329,00;008.19.662
6.329,00;008.19.663
6.329,00;008.12.115
6.329,00;008.19.702
6.329,00;028.12.014
6.329,00;014.19.002
6.329,00;009.19.009
6.329,00;018.19.001
6.329,00;009.19.010
6.329,00;014.19.004
6.329,00;014.19.004
6.329,00;014.19.004
6.329,00;014.19.004
6.329,00;028.19.258
6.329,00;028.19.258
6.329,00;028.19.315
6.329,00;028.19.315
6.329,00;028.19.315
6.329,00;028.19.315
6.329,00;028.19.315
6.329,00;028.19.315
6.329,00;028.19.320
6.329,00;028.19.320
6.329,00;028.19.320
6.329,00;028.19.320
6.329,00;009.28.001
6.329,00;009.28.003
6.329,00;009.28.004
6.329,00;028.19.639
6.329,00;012.28.001
6.329,00;026.30.017
6.329,00;028.19.818
6.329,00;028.19.818
6.329,00;028.01.002
6.329,00;028.01.002
6.329,00;028.01.002
6.329,00;028.01.002
6.329,00;024.01.008
6.329,00;026.01.034
6.329,00;009.18.010
6.329,00;031.19.018
6.329,00;009.18.011
6.329,00;031.19.329
6.329,00;031.19.329
6.329,00;031.19.330
6.329,00;026.01.091
6.331,00;031.19.056
6.333,00;031.19.226
6.334,00;008.19.039
6.334,00;015.03.002
6.336,00;001.02.007
6.336,00;002.06.007
6.336,00;006.21.001
6.336,00;006.21.003
6.336,00;016.17.014
6.336,00;016.01.023
6.336,00;025.13.031
6.336,00;026.24.022
6.337,00;030.01.001
6.337,00;027.19.016
6.337,00;027.19.017
6.337,00;027.19.018
6.337,00;027.19.020
6.337,00;011.19.021
6.337,00;027.19.023
6.337,00;012.01.011
6.337,00;015.01.013
6.337,00;015.30.005
6.337,00;010.30.002
6.337,00;010.30.001
6.338,00;006.21.001
6.338,00;006.21.003
6.338,00;001.02.006
6.338,00;012.19.004
6.338,00;012.28.002
6.338,00;011.30.002
6.338,00;014.30.001
6.340,00;031.19.334
6.340,00;031.19.331
6.340,00;031.19.333
6.341,00;008.19.871
6.341,00;031.19.335
6.342,00;027.05.001
6.343,00;016.01.023
6.343,00;016.17.014
6.343,00;008.12.073
6.343,00;008.01.270
6.343,00;015.01.011
6.343,00;015.01.013
6.343,00;026.24.022
6.344,00;027.19.006
6.339,00;026.24.022
6.339,00;028.19.899
6.339,00;031.01.008
6.339,00;031.19.331
6.339,00;031.19.332
6.339,00;031.19.333
6.348,00;006.21.002
6.348,00;011.19.021
6.348,00;001.02.010
6.348,00;011.30.003
6.348,00;026.24.022
6.349,00;014.19.004
6.349,00;015.01.005
6.349,00;013.01.039
6.350,00;006.21.001
6.350,00;006.21.002
6.351,00;012.01.012
6.351,00;010.01.002
6.351,00;011.30.002
6.351,00;014.19.004
6.351,00;015.01.011
6.353,00;014.19.005
6.354,00;004.06.001
6.354,00;006.21.004
6.357,00;015.05.013
6.358,00;015.03.003
6.359,00;006.21.009
6.362,00;031.01.011
6.363,00;027.19.009
6.364,00;024.07.012
6.367,00;028.19.782
6.372,00;012.19.005
6.373,00;018.25.002
6.374,00;018.25.007
6.374,00;018.25.002
6.375,00;015.03.003
6.376,00;008.19.316
6.376,00;008.19.317
6.376,00;008.19.318
6.377,00;028.01.002
6.377,00;015.03.003
6.382,00;002.06.009
6.382,00;002.06.007
6.382,00;006.21.011
6.382,00;011.30.003
6.382,00;011.30.005
6.382,00;015.30.003
6.382,00;028.19.965
6.382,00;028.19.495
6.382,00;028.19.128
6.382,00;031.19.072
6.382,00;008.19.745
6.382,00;008.19.782
6.382,00;008.19.746
6.382,00;008.19.747
6.382,00;002.06.011
6.383,00;031.19.337
6.384,00;031.19.209
6.385,00;019.09.001
6.385,00;019.10.001
6.385,00;015.05.035
6.386,00;024.25.011
6.386,00;024.25.010
6.387,00;015.05.013
6.387,00;015.03.003
6.387,00;006.21.004
6.388,00;006.21.011
6.389,00;026.13.002
6.390,00;011.19.015
6.390,00;011.19.017
6.391,00;026.18.068
6.391,00;026.19.002
6.394,00;016.01.006
6.395,00;031.01.012
6.395,00;031.01.013
6.395,00;016.01.026
6.396,00;008.19.857
6.400,00;008.12.010
6.400,00;024.25.001
6.402,00;010.01.002
6.402,00;014.19.004
6.402,00;008.19.057
6.402,00;015.03.005
6.403,00;027.19.011
6.404,00;015.03.004
6.405,00;028.19.605
6.405,00;028.19.606
6.405,00;031.19.099
6.405,00;031.19.100
6.405,00;028.19.914
6.405,00;028.19.915
6.408,00;017.05.003
6.409,00;015.01.005
6.410,00;028.19.386
6.410,00;008.19.325
6.410,00;011.01.029
6.411,00;006.03.002
6.411,00;020.09.001
6.414,00;015.03.004
6.415,00;016.01.022
6.416,00;011.30.013
6.416,00;012.28.001
6.417,00;008.19.033
6.417,00;008.19.036
6.417,00;027.19.006
6.418,00;028.19.141
6.419,00;007.02.002
6.420,00;020.09.001
6.420,00;019.09.002
6.421,00;008.19.548
6.421,00;031.19.339
6.421,00;001.02.004
6.421,00;004.06.001
6.421,00;006.21.003
6.421,00;020.08.001
6.421,00;009.19.012
6.421,00;009.19.013
6.422,00;015.30.007
6.422,00;010.01.001
6.422,00;014.30.003
6.422,00;014.30.004
6.422,00;016.01.023
6.422,00;012.28.001
6.422,00;024.01.009
6.423,00;026.01.029
6.427,00;001.02.006
6.427,00;002.06.007
6.427,00;002.06.031
6.427,00;004.06.003
6.427,00;001.02.010
6.428,00;009.19.001
6.428,00;008.19.135
6.428,00;008.19.583
6.429,00;008.19.027
6.429,00;028.19.640
6.429,00;028.12.060
6.429,00;008.12.037
6.429,00;028.19.564
6.429,00;031.19.341
6.429,00;028.19.152
6.430,00;012.01.012
6.440,00;008.12.073
6.440,00;008.01.270
6.440,00;012.30.001
6.440,00;016.17.014
6.440,00;024.30.002
6.440,00;012.19.006
6.441,00;006.21.002
6.441,00;001.02.010
6.441,00;014.19.004
6.441,00;015.01.005
6.444,00;016.01.021
6.444,00;020.09.002
6.445,00;016.01.023
6.446,00;028.19.932
6.447,00;031.19.337
6.448,00;031.12.059
6.448,00;031.12.057
6.450,00;031.12.058
6.451,00;011.30.003
6.451,00;011.30.002
6.452,00;015.01.005
6.453,00;009.05.050
6.458,00;011.30.001
6.458,00;012.01.012
6.458,00;028.12.088
6.458,00;028.19.939
6.459,00;010.01.013
6.459,00;012.01.003
6.459,00;010.30.002
6.459,00;011.30.003
6.459,00;027.19.008
6.460,00;012.01.012
6.460,00;010.01.001
6.460,00;010.30.001
6.462,00;014.19.004
6.464,00;026.05.024
6.464,00;009.05.042
6.464,00;013.05.028
6.464,00;013.05.029
6.464,00;016.01.023
6.464,00;016.17.014
6.464,00;004.06.003
6.464,00;004.02.005
6.464,00;013.05.024
6.464,00;031.01.014
6.464,00;031.19.343
6.464,00;008.01.240
6.464,00;014.01.013
6.464,00;014.01.014
6.464,00;026.24.022
6.461,00;006.21.009
6.461,00;012.30.006
6.461,00;011.30.021
6.461,00;031.19.243
6.461,00;031.19.248
6.461,00;031.05.003
6.461,00;031.05.004
6.461,00;031.05.004
6.461,00;031.19.342
6.471,00;028.19.402
6.471,00;031.19.344
6.472,00;024.07.012
6.473,00;025.13.022
6.473,00;001.02.007
6.476,00;031.19.313
6.476,00;028.19.516
6.476,00;019.08.007
6.476,00;019.08.008
6.477,00;011.30.004
6.477,00;008.19.546
6.477,00;008.19.262
6.477,00;008.19.263
6.477,00;011.01.051
6.477,00;012.19.006
6.477,00;012.28.002
6.478,00;028.01.002
6.479,00;006.21.002
6.479,00;006.03.002
6.480,00;006.21.003
6.481,00;015.03.005
6.481,00;015.01.021
6.481,00;016.01.003
6.481,00;015.05.035
6.475,00;031.19.336
6.484,00;008.19.193
6.485,00;028.19.632
6.485,00;031.19.064
6.485,00;031.19.066
6.485,00;031.19.065
6.488,00;015.03.005
6.489,00;012.01.012
6.489,00;014.19.004
6.489,00;010.01.002
6.489,00;011.01.045
6.489,00;011.24.004
6.490,00;031.19.346
6.490,00;031.19.347
6.493,00;011.30.001
6.493,00;026.24.022
6.494,00;015.03.002
6.494,00;008.19.039
6.494,00;024.25.052
6.495,00;024.25.011
6.495,00;024.07.012
6.496,00;008.12.073
6.496,00;008.01.270
6.497,00;006.21.011
6.498,00;028.19.082
6.498,00;008.19.040
6.500,00;019.09.001
6.501,00;008.19.658
6.501,00;019.09.001
6.501,00;006.21.011
6.502,00;009.19.015
6.502,00;027.19.011
6.503,00;007.21.005
6.504,00;008.12.073
6.504,00;008.01.270
6.504,00;016.17.014
6.504,00;012.01.012
6.504,00;012.19.006
6.504,00;024.30.001
6.504,00;011.30.004
6.505,00;006.21.004
6.506,00;028.19.578
6.509,00;006.03.002
6.510,00;004.06.003
6.511,00;010.01.013
6.514,00;031.19.315
6.515,00;013.05.015
6.515,00;028.19.403
6.515,00;012.01.011
6.515,00;015.01.005
6.515,00;010.01.001
6.515,00;013.20.002
6.516,00;018.04.005
6.516,00;025.13.008
6.517,00;011.05.048
6.517,00;011.05.049
6.517,00;026.24.022
6.527,00;028.12.028
6.527,00;028.12.050
6.527,00;028.19.399
6.527,00;028.19.463
6.527,00;008.19.455
6.527,00;008.19.406
6.527,00;008.19.161
6.527,00;028.19.190
6.527,00;031.19.341
6.527,00;031.19.048
6.527,00;028.19.152
6.528,00;008.19.033
6.528,00;008.19.035
6.528,00;008.19.142
6.530,00;028.12.079
6.531,00;015.01.011
6.533,00;002.06.018
6.533,00;006.21.002
6.534,00;009.01.001
6.536,00;002.06.006
6.536,00;015.05.056
6.536,00;011.30.003
6.539,00;031.12.018
6.540,00;008.19.028
6.545,00;024.25.011
6.545,00;009.19.015
6.547,00;026.24.068
6.547,00;026.24.069
6.547,00;026.24.022
6.542,00;010.01.002
6.542,00;010.01.002
6.542,00;010.01.002
6.542,00;010.01.002
6.542,00;015.03.003
6.542,00;015.03.004
6.542,00;012.01.012
6.542,00;012.01.012
6.542,00;016.05.005
6.542,00;015.01.018
6.542,00;011.01.045
6.542,00;008.19.236
6.542,00;008.19.236
6.542,00;008.19.236
6.542,00;008.19.236
6.542,00;008.12.067
6.542,00;013.20.001
6.542,00;008.19.333
6.542,00;011.19.012
6.542,00;026.20.013
6.542,00;008.19.662
6.542,00;008.19.662
6.542,00;008.19.663
6.542,00;008.19.663
6.542,00;008.19.663
6.542,00;008.19.663
6.542,00;008.19.702
6.542,00;008.19.702
6.542,00;008.19.702
6.542,00;026.05.010
6.542,00;026.05.010
6.542,00;026.05.013
6.542,00;028.19.116
6.542,00;028.19.116
6.542,00;026.24.009
6.542,00;026.24.010
6.542,00;014.19.004
6.542,00;028.19.258
6.542,00;028.19.315
6.542,00;028.19.315
6.542,00;028.19.320
6.542,00;028.19.348
6.542,00;026.20.056
6.542,00;028.19.419
6.542,00;009.28.001
6.542,00;028.19.639
6.542,00;028.19.810
6.542,00;028.19.811
6.542,00;028.19.818
6.542,00;028.01.002
6.542,00;028.01.002
6.542,00;024.01.008
6.542,00;026.01.034
6.542,00;026.01.035
6.542,00;026.01.036
6.542,00;026.20.081
6.542,00;026.01.054
6.542,00;026.01.055
6.542,00;028.19.897
6.542,00;026.30.022
6.542,00;026.24.060
6.542,00;031.12.016
6.542,00;031.12.016
6.542,00;031.19.116
6.542,00;026.01.069
6.542,00;026.30.036
6.542,00;026.30.037
6.542,00;031.12.019
6.542,00;031.12.020
6.542,00;026.20.088
6.542,00;031.19.329
6.542,00;031.19.330
6.542,00;031.01.009
6.542,00;031.01.010
6.542,00;026.24.067
6.542,00;026.24.067
6.542,00;031.19.338
6.542,00;031.19.338
6.542,00;031.19.340
6.542,00;026.01.092
6.542,00;026.01.093
6.544,00;029.20.008
6.549,00;031.01.015
6.549,00;031.01.016
6.549,00;031.01.017
6.550,00;014.19.004
6.551,00;011.30.004
6.551,00;015.30.003
6.551,00;011.01.051
6.551,00;027.19.020
6.551,00;011.19.021
6.551,00;027.19.024
6.552,00;024.07.012
6.552,00;015.03.002
6.553,00;005.06.006
6.553,00;006.03.002
6.553,00;010.01.001
6.553,00;013.05.029
6.554,00;020.08.006
6.557,00;031.19.351
6.558,00;011.30.002
6.558,00;028.19.549
6.558,00;010.01.002
6.558,00;010.30.002
6.558,00;031.19.352
6.558,00;031.19.353
6.558,00;026.24.022
6.559,00;008.19.639
6.559,00;031.19.354
6.560,00;008.12.009
6.560,00;008.12.010
6.561,00;008.19.698
6.562,00;028.12.048
6.562,00;028.19.663
6.562,00;028.19.625
6.562,00;015.05.011
6.563,00;028.19.164
6.564,00;028.19.549
6.564,00;016.01.023
6.565,00;027.19.011
6.565,00;011.19.016
6.565,00;012.01.011
6.565,00;025.13.030
6.566,00;008.19.677
6.566,00;008.19.117
6.566,00;008.19.142
6.566,00;008.19.121
6.566,00;008.19.370
6.567,00;015.03.005
6.569,00;011.30.001
6.569,00;008.19.217
6.569,00;031.19.124
6.569,00;028.19.754
6.570,00;031.19.355
6.571,00;031.19.301
6.571,00;008.12.062
6.571,00;031.12.049
6.571,00;031.12.040
6.571,00;028.19.718
6.571,00;031.19.043
6.571,00;031.12.005
6.571,00;031.12.006
6.572,00;026.24.022
6.575,00;028.19.557
6.575,00;028.19.189
6.575,00;016.01.023
6.578,00;010.30.002
6.578,00;012.01.003
6.578,00;011.30.017
6.578,00;011.30.006
6.578,00;026.01.089
6.579,00;026.18.021
6.579,00;024.25.006
6.579,00;024.25.005
6.580,00;015.01.018
6.580,00;013.01.040
6.580,00;015.01.005
6.580,00;014.30.012
6.580,00;014.01.009
6.580,00;012.30.001
6.580,00;016.01.023
6.584,00;016.01.023
6.584,00;016.17.014
6.585,00;008.19.818
6.585,00;031.19.058
6.585,00;031.19.057
6.585,00;031.19.059
6.585,00;031.19.045
6.588,00;028.01.002
6.589,00;027.05.001
6.589,00;011.05.028
6.589,00;011.05.029
6.589,00;030.30.002
6.589,00;016.01.023
6.589,00;011.19.018
6.589,00;008.01.366
6.589,00;008.12.091
6.589,00;008.01.273
6.589,00;006.03.002
6.589,00;006.21.002
6.590,00;015.01.005
6.590,00;014.19.004
6.590,00;010.30.001
6.590,00;010.01.001
6.590,00;012.01.011
6.590,00;012.01.012
6.597,00;999.99.001
6.593,00;020.09.001
6.594,00;012.01.012
6.594,00;010.01.001
6.594,00;010.30.001
6.596,00;026.25.007
6.598,00;011.30.005
6.598,00;015.30.003
6.598,00;011.01.051
6.598,00;011.30.016
6.599,00;004.06.003
6.599,00;016.01.003
6.599,00;008.19.037
6.599,00;024.07.012
6.603,00;011.30.006
6.603,00;027.19.007
6.603,00;026.24.022
6.604,00;008.19.264
6.604,00;028.19.503
6.605,00;006.21.011
6.606,00;008.12.106
6.614,00;008.19.313
6.614,00;008.19.037
6.614,00;010.01.001
6.615,00;008.19.238
6.615,00;026.24.022
6.616,00;002.06.008
6.616,00;015.03.003
6.617,00;012.01.004
6.617,00;012.01.003
6.617,00;010.01.002
6.617,00;008.01.043
6.617,00;008.19.040
6.617,00;011.01.057
6.617,00;011.01.071
6.618,00;001.02.004
6.618,00;006.21.001
6.618,00;009.19.011
6.619,00;011.30.008
6.620,00;015.12.001
6.621,00;008.19.560
6.628,00;004.06.003
6.628,00;006.21.011
6.629,00;001.02.003
6.629,00;020.08.002
6.630,00;008.01.063
6.631,00;020.08.002
6.631,00;019.08.004
6.632,00;006.21.001
6.633,00;026.18.020
6.633,00;028.01.012
6.633,00;026.13.005
6.624,00;006.21.009
6.624,00;006.21.009
6.624,00;011.19.021
6.624,00;011.30.021
6.624,00;031.19.243
6.624,00;031.19.248
6.624,00;031.19.248
6.624,00;031.05.004
6.624,00;031.19.345
6.637,00;031.01.019
6.637,00;008.19.560
6.637,00;028.19.170
6.638,00;006.21.011
6.639,00;028.19.718
6.639,00;028.19.720
6.639,00;028.19.721
6.639,00;006.21.009
6.640,00;011.01.051
6.640,00;008.19.118
6.640,00;008.19.087
6.640,00;026.12.001
6.640,00;004.06.001
6.640,00;025.13.031
6.640,00;015.03.011
6.641,00;019.09.001
6.646,00;010.30.002
6.648,00;006.21.004
6.648,00;006.21.002
6.648,00;001.02.008
6.649,00;006.03.002
6.650,00;031.19.356
6.650,00;031.19.357
6.651,00;028.19.475
6.651,00;009.19.016
6.652,00;028.12.069
6.652,00;028.12.068
6.652,00;010.01.002
6.653,00;006.03.002
6.656,00;011.30.002
6.656,00;011.30.017
6.656,00;006.03.002
6.656,00;006.21.011
6.661,00;031.19.200
6.657,00;031.19.200
6.658,00;031.19.200
6.664,00;011.30.004
6.665,00;019.09.001
6.666,00;024.01.009
6.667,00;006.03.002
6.667,00;006.21.001
6.667,00;006.21.002
6.667,00;006.21.011
6.668,00;001.02.008
6.669,00;027.19.009
6.670,00;024.25.011
6.673,00;020.09.001
6.673,00;019.09.001
6.673,00;006.03.002
6.673,00;015.03.004
6.673,00;015.03.005
6.675,00;011.30.013
6.675,00;015.05.008
6.675,00;015.05.002
6.675,00;015.05.001
6.675,00;010.01.001
6.675,00;024.30.001
6.677,00;028.19.539
6.677,00;008.19.303
6.677,00;015.03.004
6.677,00;015.03.002
6.678,00;028.19.700
6.678,00;028.19.805
6.678,00;031.19.358
6.678,00;031.19.359
6.678,00;006.21.011
6.679,00;031.12.060
6.680,00;024.25.035
6.680,00;024.25.024
6.680,00;026.18.021
6.680,00;024.07.012
6.681,00;016.17.002
6.681,00;015.05.035
6.681,00;015.05.036
6.681,00;013.05.015
6.681,00;013.05.053
6.684,00;015.03.002
6.685,00;012.28.001
6.685,00;011.30.001
6.685,00;010.30.001
6.688,00;013.01.020
6.688,00;013.05.117
6.688,00;014.19.004
6.688,00;013.05.031
6.689,00;006.21.002
6.694,00;018.25.002
6.695,00;028.19.632
6.695,00;031.19.064
6.696,00;008.19.690
6.699,00;010.01.002
6.699,00;010.01.001
6.699,00;011.01.045
6.699,00;011.01.054
6.699,00;012.01.012
6.700,00;008.19.039
6.701,00;016.01.023
6.701,00;016.17.014
6.701,00;011.30.003
6.701,00;014.19.004
6.702,00;016.01.023
6.703,00;011.30.003
6.703,00;011.05.028
6.703,00;011.05.031
6.704,00;015.03.005
6.712,00;006.03.002
6.712,00;004.06.001
6.712,00;020.08.002
6.712,00;019.08.004
6.713,00;025.13.042
6.714,00;024.30.003
6.716,00;015.30.005
6.716,00;028.19.782
6.719,00;001.02.010
6.719,00;001.02.007
6.720,00;008.12.118
6.720,00;031.19.146
6.721,00;010.01.002
6.721,00;012.19.004
6.721,00;014.19.004
6.721,00;013.05.043
6.721,00;028.19.707
6.721,00;028.19.708
6.722,00;002.06.023
6.722,00;002.06.037
6.722,00;007.02.001
6.725,00;029.01.003
6.726,00;015.01.011
6.726,00;015.05.054
6.726,00;015.05.061
6.726,00;009.05.001
6.730,00;025.13.013
6.731,00;024.25.011
6.731,00;024.25.049
6.732,00;004.06.001
6.732,00;004.06.003
6.733,00;015.03.002
6.733,00;022.04.003
6.734,00;017.05.003
6.734,00;016.01.009
6.735,00;015.03.003
6.739,00;004.06.001
6.743,00;012.01.003
6.743,00;010.01.002
6.743,00;012.30.001
6.743,00;014.19.004
6.744,00;012.01.011
6.744,00;015.01.005
6.745,00;015.05.001
6.745,00;015.05.027
6.748,00;023.05.008
6.749,00;008.12.091
6.750,00;008.19.300
6.750,00;008.19.153
6.750,00;008.19.285
6.750,00;008.19.684
6.750,00;008.19.598
6.750,00;008.19.963
6.750,00;008.19.964
6.751,00;012.01.011
6.751,00;008.01.366
6.752,00;024.07.012
6.753,00;012.01.012
6.753,00;010.01.002
6.753,00;015.03.005
6.753,00;015.03.003
6.754,00;010.20.002
6.754,00;010.20.003
6.754,00;010.20.004
6.754,00;010.18.001
6.754,00;026.24.022
6.758,00;013.20.017
6.758,00;013.20.019
6.758,00;006.21.011
6.758,00;012.28.002
6.758,00;011.30.003
6.758,00;013.20.001
6.758,00;012.01.003
6.758,00;014.30.008
6.759,00;012.01.012
6.759,00;012.19.006
6.760,00;012.01.012
6.760,00;011.30.015
6.760,00;010.01.001
6.762,00;025.13.043
6.763,00;011.12.004
6.763,00;011.12.003
6.763,00;011.12.002
6.763,00;011.12.001
6.763,00;011.12.005
6.763,00;026.12.023
6.765,00;028.19.045
6.764,00;010.01.002
6.764,00;010.01.002
6.764,00;010.01.002
6.764,00;010.01.002
6.764,00;002.06.010
6.764,00;002.06.010
6.764,00;012.01.012
6.764,00;012.01.012
6.764,00;023.01.013
6.764,00;023.01.014
6.764,00;008.19.236
6.764,00;008.19.236
6.764,00;008.19.236
6.764,00;008.19.236
6.764,00;008.12.067
6.764,00;008.12.067
6.764,00;013.20.001
6.764,00;011.19.012
6.764,00;008.19.663
6.764,00;008.12.115
6.764,00;028.12.014
6.764,00;014.19.004
6.764,00;014.19.004
6.764,00;028.19.315
6.764,00;028.19.315
6.764,00;028.19.315
6.764,00;028.19.320
6.764,00;028.19.320
6.764,00;026.20.056
6.764,00;028.19.419
6.764,00;009.28.003
6.764,00;028.19.639
6.764,00;028.19.645
6.764,00;012.28.001
6.764,00;028.19.818
6.764,00;028.01.002
6.764,00;026.01.038
6.764,00;026.20.088
6.764,00;031.19.161
6.764,00;026.01.085
6.764,00;026.01.094
6.764,00;026.01.095
6.764,00;026.01.096
6.767,00;006.21.002
6.767,00;002.06.031
6.768,00;010.01.002
6.768,00;012.01.012
6.768,00;012.01.003
6.768,00;016.01.023
6.768,00;015.01.005
6.769,00;031.19.301
6.769,00;031.12.040
6.769,00;028.19.620
6.769,00;008.12.062
6.769,00;008.12.061
6.769,00;028.19.718
6.769,00;031.12.004
6.769,00;031.19.043
6.769,00;031.12.005
6.769,00;031.12.006
6.770,00;011.30.003
6.770,00;011.30.002
6.770,00;028.19.624
6.770,00;006.03.002
6.770,00;028.19.493
6.770,00;028.19.399
6.770,00;028.19.463
6.770,00;008.19.455
6.771,00;016.01.023
6.771,00;008.01.366
6.772,00;031.19.335
6.773,00;006.21.011
6.774,00;015.03.002
6.774,00;015.03.004
6.774,00;006.21.004
6.775,00;008.01.366
6.776,00;026.06.009
6.777,00;026.06.008
6.784,00;015.01.005
6.785,00;024.01.011
6.786,00;012.01.011
6.786,00;012.01.004
6.786,00;011.30.003
6.786,00;014.19.004
6.786,00;026.24.006
6.786,00;010.05.003
6.786,00;026.24.022
6.787,00;001.02.004
6.787,00;006.21.001
6.788,00;015.01.018
6.788,00;012.19.005
6.788,00;012.19.006
6.788,00;026.05.013
6.788,00;013.24.001
6.788,00;031.19.364
6.788,00;028.19.588
6.788,00;015.01.005
6.790,00;011.19.015
6.790,00;011.19.017
6.790,00;016.01.023
6.791,00;024.07.012
6.792,00;028.19.605
6.792,00;028.19.606
6.792,00;028.19.914
6.792,00;031.19.365
6.792,00;028.19.915
6.792,00;031.19.366
6.792,00;031.19.367
6.795,00;019.09.001
6.795,00;020.09.001
6.796,00;010.24.001
6.797,00;031.19.371
6.797,00;031.19.372
6.797,00;031.19.373
6.797,00;031.19.374
6.798,00;028.19.197
6.799,00;002.06.018
6.799,00;006.21.011
6.800,00;009.19.016
6.801,00;024.30.001
6.801,00;010.01.002
6.801,00;026.05.013
6.802,00;031.19.369
6.802,00;031.19.370
6.802,00;031.05.005
6.802,00;011.30.003
6.804,00;011.30.004
6.805,00;028.19.954
6.805,00;028.19.955
6.805,00;028.19.956
6.805,00;031.19.106
6.805,00;028.19.957
6.805,00;015.03.004
6.805,00;031.19.368
6.805,00;006.21.006
6.806,00;013.20.002
6.807,00;008.19.742
6.807,00;006.21.002
6.807,00;006.06.005
6.808,00;008.19.881
6.808,00;008.19.142
6.808,00;025.13.030
6.809,00;015.03.003
6.814,00;009.05.040
6.814,00;012.01.012
6.814,00;012.19.006
6.814,00;009.01.023
6.814,00;031.19.360
6.814,00;031.19.361
6.814,00;031.19.362
6.814,00;028.12.041
6.815,00;007.02.002
6.816,00;028.19.402
6.816,00;028.19.699
6.816,00;028.19.558
6.816,00;028.19.187
6.816,00;028.19.189
6.818,00;011.05.031
6.818,00;027.05.001
6.818,00;011.05.028
6.818,00;011.30.004
6.818,00;011.30.013
6.818,00;015.30.003
6.818,00;026.05.014
6.818,00;026.24.022
6.819,00;031.19.362
6.819,00;009.05.040
6.819,00;012.01.011
6.823,00;011.30.002
6.823,00;026.24.022
6.826,00;016.01.003
6.826,00;015.03.005
6.827,00;020.09.002
6.829,00;024.25.011
6.829,00;024.25.010
6.830,00;002.06.031
6.830,00;004.06.003
6.832,00;027.19.011
6.850,00;028.12.027
6.850,00;015.30.004
6.850,00;016.01.023
6.836,00;012.19.005
6.837,00;006.21.011
6.838,00;031.19.058
6.838,00;031.19.057
6.838,00;031.19.045
6.838,00;031.19.047
6.838,00;031.19.125
6.838,00;028.19.670
6.838,00;008.12.009
6.839,00;028.12.027
6.839,00;015.30.004
6.839,00;016.01.023
6.840,00;008.19.519
6.841,00;031.19.375
6.841,00;031.19.376
6.842,00;008.19.639
6.844,00;024.07.012
6.845,00;019.09.001
6.848,00;009.19.002
6.851,00;012.01.012
6.851,00;002.06.010
6.851,00;006.21.011
6.855,00;001.02.007
6.856,00;020.09.002
6.853,00;027.19.020
6.853,00;027.19.020
6.853,00;006.21.001
6.853,00;006.21.001
6.853,00;006.21.009
6.853,00;006.21.009
6.853,00;006.21.009
6.853,00;006.21.009
6.853,00;006.21.009
6.853,00;012.30.006
6.853,00;012.30.006
6.853,00;012.30.006
6.853,00;011.30.021
6.853,00;031.19.243
6.853,00;031.05.004
6.853,00;013.34.001
6.853,00;013.34.002
6.859,00;008.19.030
6.860,00;012.01.012
6.860,00;010.01.003
6.861,00;031.19.363
6.861,00;031.19.027
6.861,00;008.19.581
6.861,00;008.19.582
6.861,00;031.19.028
6.866,00;009.05.028
6.866,00;009.05.031
6.867,00;008.19.560
6.868,00;006.21.002
6.868,00;002.06.023
6.868,00;019.08.007
6.868,00;019.08.008
6.869,00;028.19.141
6.870,00;031.19.226
6.870,00;028.19.182
6.870,00;028.19.189
6.871,00;006.21.011
6.871,00;006.03.002
6.871,00;031.19.313
6.871,00;008.19.715
6.871,00;008.19.717
6.872,00;031.12.061
6.872,00;028.12.027
6.872,00;016.20.001
6.872,00;011.30.006
6.872,00;015.30.004
6.873,00;006.21.001
6.874,00;012.30.001
6.875,00;006.21.004
6.876,00;006.21.011
6.876,00;006.21.002
6.877,00;025.13.007
6.877,00;024.01.002
6.878,00;024.25.010
6.878,00;024.25.009
6.878,00;024.25.037
6.879,00;016.20.001
6.879,00;015.30.004
6.883,00;012.19.006
6.883,00;012.19.004
6.883,00;012.28.002
6.883,00;008.19.264
6.883,00;028.19.503
6.883,00;010.01.001
6.883,00;023.01.020
6.884,00;008.12.119
6.884,00;028.19.382
6.884,00;028.19.809
6.886,00;006.21.002
6.887,00;020.09.001
6.890,00;019.09.003
6.890,00;020.09.002
6.891,00;024.25.011
6.891,00;024.25.010
6.892,00;001.02.014
6.893,00;016.01.023
6.896,00;028.19.425
6.896,00;028.19.426
6.896,00;011.30.004
6.896,00;011.30.013
6.896,00;015.30.003
6.896,00;027.05.001
6.896,00;011.05.031
6.896,00;026.05.014
6.896,00;029.30.004
6.896,00;026.24.022
6.904,00;015.05.002
6.904,00;015.05.001
6.897,00;014.19.005
6.907,00;028.12.060
6.908,00;028.19.996
6.908,00;028.19.997
6.908,00;028.19.998
6.910,00;008.19.057
6.911,00;006.21.011
6.912,00;024.01.002
6.912,00;004.06.001
6.912,00;006.03.002
6.912,00;028.01.002
6.913,00;012.01.011
6.913,00;012.19.006
6.913,00;012.19.004
6.914,00;031.19.379
6.914,00;028.19.130
6.914,00;028.19.214
6.915,00;011.30.015
6.917,00;031.19.056
6.918,00;002.06.010
6.918,00;002.06.032
6.919,00;001.02.008
6.919,00;009.03.002
6.920,00;012.19.005
6.920,00;014.19.004
6.921,00;008.01.367
6.921,00;008.19.782
6.921,00;008.19.747
6.921,00;010.01.001
6.921,00;011.30.003
6.921,00;030.01.003
6.921,00;016.05.005
6.921,00;009.05.051
6.921,00;008.01.274
6.921,00;008.19.493
6.921,00;028.19.564
6.921,00;028.19.128
6.921,00;028.19.969
6.921,00;031.19.381
6.921,00;031.19.382
6.921,00;015.01.018
6.921,00;009.01.030
6.921,00;013.01.039
6.922,00;012.01.011
6.922,00;012.01.012
6.922,00;012.01.003
6.922,00;012.30.001
6.922,00;016.01.023
6.922,00;014.30.010
6.922,00;014.30.013
6.922,00;015.01.005
6.922,00;014.19.004
6.922,00;011.30.006
6.923,00;001.02.004
6.923,00;006.21.004
6.924,00;028.19.632
6.924,00;031.19.064
6.924,00;031.19.065
6.924,00;031.19.380
6.925,00;012.19.006
6.926,00;012.01.012
6.927,00;026.18.068
6.927,00;026.19.002
6.928,00;027.19.023
6.931,00;028.19.156
6.931,00;028.19.076
6.932,00;006.21.002
6.932,00;008.01.272
6.932,00;010.30.001
6.933,00;008.19.217
6.934,00;016.01.023
6.934,00;028.19.387
6.934,00;026.24.022
6.935,00;028.19.130
6.937,00;008.19.209
6.937,00;026.24.022
6.936,00;010.01.002
6.936,00;010.01.002
6.936,00;010.01.002
6.936,00;002.06.010
6.936,00;002.06.010
6.936,00;012.01.012
6.936,00;012.01.012
6.936,00;012.01.012
6.936,00;027.19.006
6.936,00;027.19.006
6.936,00;008.19.236
6.936,00;008.19.236
6.936,00;008.12.067
6.936,00;008.12.067
6.936,00;008.12.067
6.936,00;008.12.067
6.936,00;013.20.001
6.936,00;015.05.037
6.936,00;008.19.333
6.936,00;011.19.012
6.936,00;011.19.012
6.936,00;008.19.662
6.936,00;008.19.663
6.936,00;008.19.663
6.936,00;008.19.663
6.936,00;008.12.115
6.936,00;008.19.702
6.936,00;008.12.145
6.936,00;028.12.014
6.936,00;014.19.004
6.936,00;014.19.004
6.936,00;014.19.004
6.936,00;028.19.258
6.936,00;028.19.315
6.936,00;028.19.315
6.936,00;028.19.315
6.936,00;028.19.315
6.936,00;012.28.001
6.936,00;028.19.818
6.936,00;028.19.818
6.936,00;028.01.002
6.936,00;028.01.002
6.936,00;031.12.019
6.936,00;031.12.019
6.936,00;031.12.020
6.936,00;031.12.020
6.936,00;031.19.329
6.936,00;031.19.330
6.936,00;031.19.330
6.936,00;013.01.047
6.936,00;013.01.048
6.936,00;013.01.048
6.936,00;009.34.001
6.936,00;026.12.024
6.936,00;031.12.062
6.944,00;006.21.003
6.945,00;024.07.012
6.947,00;027.19.009
6.949,00;011.30.003
6.949,00;026.24.022
6.950,00;015.03.005
6.950,00;006.21.004
6.951,00;015.03.002
6.951,00;024.25.001
6.952,00;006.21.003
6.952,00;006.03.002
6.952,00;004.06.001
6.952,00;024.01.002
6.952,00;026.18.021
6.953,00;008.19.639
6.955,00;006.21.011
6.956,00;006.03.002
6.960,00;001.02.007
6.960,00;001.02.008
6.960,00;023.01.020
6.960,00;006.21.002
6.960,00;006.21.003
6.960,00;010.01.001
6.960,00;012.19.006
6.960,00;012.19.004
6.960,00;012.28.002
6.960,00;011.30.006
6.961,00;002.06.008
6.962,00;008.12.037
6.963,00;028.19.156
6.964,00;008.19.835
6.964,00;031.19.180
6.964,00;031.12.029
6.964,00;031.19.385
6.964,00;031.12.063
6.964,00;031.12.064
6.966,00;008.19.053
6.966,00;008.19.318
6.966,00;006.21.011
6.966,00;006.21.004
6.967,00;031.19.202
6.967,00;031.19.269
6.967,00;031.19.270
6.967,00;031.19.386
6.967,00;031.19.387
6.967,00;026.24.022
6.968,00;013.20.001
6.968,00;013.05.056
6.968,00;013.05.055
6.969,00;004.02.001
6.969,00;002.06.022
6.969,00;002.06.013
6.969,00;002.06.036
6.969,00;015.05.013
6.969,00;006.21.002
6.969,00;006.03.002
6.969,00;007.02.001
6.969,00;007.21.005
6.969,00;011.30.003
6.969,00;011.30.017
6.969,00;011.30.005
6.969,00;011.30.006
6.969,00;011.30.013
6.969,00;011.01.051
6.971,00;006.09.002
6.971,00;026.24.070
6.975,00;015.01.011
6.975,00;028.19.782
6.976,00;031.19.297
6.976,00;031.19.298
6.976,00;008.19.264
6.976,00;028.19.624
6.976,00;013.05.071
6.976,00;013.05.114
6.977,00;028.19.425
6.977,00;028.19.426
6.977,00;030.30.001
6.977,00;027.05.002
6.977,00;026.24.022
6.978,00;006.03.002
6.978,00;006.21.002
6.978,00;002.06.031
6.979,00;025.13.029
6.980,00;031.19.388
6.982,00;019.09.003
6.982,00;020.09.002
6.985,00;008.19.087
6.985,00;008.19.088
6.986,00;008.19.658
6.986,00;008.12.118
6.986,00;008.12.119
6.986,00;006.03.002
6.986,00;008.19.427
6.987,00;010.01.002
6.987,00;010.01.001
6.987,00;011.30.003
6.987,00;027.19.008
6.989,00;006.21.009
6.989,00;012.30.006
6.989,00;031.19.248
6.989,00;031.19.248
6.989,00;031.19.248
6.989,00;031.05.004
6.989,00;031.05.004
6.989,00;031.05.004
6.991,00;031.19.323
6.992,00;006.21.011
7.000,00;012.01.012
7.000,00;015.03.005
7.001,00;015.03.002
7.001,00;015.03.004
7.002,00;011.30.003
7.002,00;016.01.023
7.003,00;008.19.082
7.004,00;015.01.005
7.007,00;024.04.003
7.008,00;031.19.389
7.008,00;031.19.390
7.008,00;031.19.365
7.008,00;031.19.366
7.009,00;008.19.836
7.011,00;008.19.316
7.011,00;008.19.317
7.011,00;008.19.318
7.011,00;008.19.319
7.011,00;008.19.896
7.011,00;008.19.897
7.011,00;028.19.261
7.011,00;028.19.259
7.011,00;006.03.002
7.016,00;008.19.858
7.016,00;028.19.910
7.016,00;008.19.084
7.016,00;008.19.253
7.016,00;008.19.019
7.016,00;028.19.788
7.016,00;008.19.825
7.016,00;008.19.748
7.016,00;015.05.035
7.016,00;009.05.050
7.016,00;006.21.003
7.017,00;017.05.003
7.017,00;024.25.081
7.017,00;024.25.027
7.018,00;018.04.006
7.019,00;008.19.677
7.019,00;008.19.116
7.019,00;008.19.142
7.019,00;025.13.030
7.019,00;010.01.001
7.019,00;027.19.026
7.019,00;027.19.011
7.020,00;028.19.339
7.020,00;028.19.549
7.020,00;013.05.029
7.022,00;028.19.339
7.022,00;012.19.004
7.022,00;010.01.002
7.022,00;014.19.004
7.022,00;031.19.378
7.022,00;031.19.186
7.023,00;008.19.359
7.023,00;008.19.896
7.024,00;008.19.953
7.024,00;028.19.815
7.025,00;024.07.012
7.026,00;015.03.001
7.028,00;013.20.002
7.029,00;012.19.005
7.029,00;012.01.011
7.029,00;010.01.001
7.029,00;023.01.006
7.030,00;010.01.001
7.030,00;010.01.013
7.030,00;011.30.014
7.031,00;015.03.001
7.032,00;004.06.003
7.039,00;031.19.342
7.042,00;015.01.005
7.042,00;015.03.005
7.045,00;008.19.490
7.045,00;008.19.699
7.045,00;015.03.003
7.045,00;031.01.020
7.046,00;008.19.371
7.047,00;031.19.391
7.051,00;010.01.001
7.051,00;012.01.012
7.053,00;001.02.003
7.053,00;016.01.023
7.053,00;028.19.503
7.053,00;010.20.008
7.054,00;006.21.001
7.054,00;006.21.002
7.054,00;006.21.011
7.055,00;006.21.001
7.055,00;006.21.003
7.055,00;009.19.011
7.055,00;009.05.028
7.056,00;001.02.008
7.056,00;009.19.002
7.056,00;024.25.010
7.057,00;016.01.023
7.058,00;024.25.001
7.059,00;004.06.001
7.059,00;006.03.002
7.060,00;006.21.001
7.061,00;019.09.001
7.061,00;020.09.001
7.062,00;031.19.313
7.062,00;009.01.001
7.062,00;006.21.001
7.063,00;006.21.011
7.063,00;008.19.315
7.063,00;031.19.352
7.064,00;016.01.022
7.064,00;010.01.013
7.065,00;016.01.023
7.066,00;031.19.042
7.066,00;028.19.718
7.066,00;031.12.004
7.066,00;031.19.043
7.066,00;031.12.005
7.066,00;031.12.006
7.071,00;019.09.001
7.071,00;020.09.001
7.072,00;015.03.003
7.079,00;011.30.003
7.079,00;011.30.002
7.080,00;031.19.058
7.080,00;031.19.057
7.081,00;031.12.065
7.081,00;010.01.001
7.082,00;011.30.001
7.082,00;012.01.012
7.082,00;028.12.088
7.082,00;025.13.005
7.082,00;025.13.005
7.083,00;008.12.108
7.084,00;024.07.012
7.076,00;010.01.011
7.076,00;006.21.009
7.076,00;006.21.009
7.076,00;012.30.005
7.076,00;012.30.006
7.076,00;031.19.243
7.076,00;031.19.248
7.076,00;031.05.004
7.076,00;031.05.004
7.076,00;012.19.014
7.089,00;015.30.005
7.089,00;026.24.022
7.090,00;031.19.301
7.090,00;031.12.040
7.090,00;028.19.620
7.090,00;008.12.062
7.090,00;008.12.061
7.090,00;026.24.022
7.091,00;008.19.690
7.092,00;015.03.004
7.096,00;015.30.005
7.097,00;011.30.015
7.098,00;016.05.005
7.100,00;007.21.003
7.102,00;009.19.015
7.103,00;010.30.001
7.104,00;031.19.392
7.105,00;027.19.006
7.106,00;008.19.018
7.107,00;006.21.011
7.107,00;001.02.003
7.107,00;001.02.007
7.108,00;026.18.020
7.108,00;026.18.021
7.111,00;024.25.010
7.111,00;024.25.005
7.112,00;028.12.028
7.112,00;008.12.120
7.112,00;012.01.003
7.112,00;012.01.004
7.112,00;010.01.001
7.112,00;026.24.058
7.112,00;026.24.022
7.115,00;009.01.026
7.115,00;028.19.387
7.115,00;008.01.272
7.115,00;008.01.270
7.116,00;028.19.550
7.116,00;031.19.393
7.117,00;031.12.066
7.117,00;031.19.298
7.117,00;027.05.001
7.119,00;008.19.836
7.119,00;008.19.886
7.121,00;028.19.129
7.121,00;031.19.363
7.121,00;008.19.133
7.121,00;031.19.027
7.121,00;008.19.581
7.121,00;008.19.582
7.121,00;031.19.028
7.121,00;028.19.997
7.121,00;028.19.998
7.124,00;012.01.003
7.124,00;012.01.004
7.124,00;006.21.002
7.124,00;027.19.018
7.124,00;027.19.020
7.120,00;031.12.067
7.120,00;031.12.068
7.120,00;031.12.069
7.126,00;006.21.002
7.126,00;002.06.013
7.128,00;006.21.001
7.128,00;006.21.002
7.128,00;006.21.011
7.129,00;008.19.834
7.130,00;015.03.005
7.133,00;027.19.010
7.133,00;010.01.001
7.138,00;012.01.012
7.139,00;027.19.009
7.139,00;011.19.017
7.139,00;027.19.026
7.140,00;031.19.320
7.140,00;008.12.043
7.140,00;008.12.042
7.141,00;008.12.118
7.141,00;008.19.428
7.141,00;028.19.383
7.141,00;008.19.441
7.142,00;010.01.002
7.142,00;010.01.002
7.142,00;010.01.002
7.142,00;010.01.002
7.142,00;010.01.002
7.142,00;010.01.002
7.142,00;002.06.010
7.142,00;012.01.012
7.142,00;012.01.012
7.142,00;013.01.035
7.142,00;013.01.035
7.142,00;008.19.236
7.142,00;008.12.067
7.142,00;008.12.067
7.142,00;008.19.662
7.142,00;008.19.663
7.142,00;008.19.702
7.142,00;028.19.116
7.142,00;014.19.002
7.142,00;018.19.001
7.142,00;014.19.004
7.142,00;014.19.004
7.142,00;014.19.004
7.142,00;014.19.004
7.142,00;028.19.258
7.142,00;028.19.315
7.142,00;028.19.315
7.142,00;028.19.419
7.142,00;028.12.071
7.142,00;028.12.071
7.142,00;028.19.639
7.142,00;028.19.639
7.142,00;012.28.001
7.142,00;026.30.017
7.142,00;028.19.818
7.142,00;028.01.002
7.142,00;010.01.013
7.142,00;026.30.027
7.142,00;026.30.028
7.142,00;031.19.142
7.142,00;031.12.019
7.142,00;031.12.020
7.142,00;031.12.020
7.142,00;031.19.161
7.142,00;031.19.329
7.142,00;009.34.001
7.142,00;026.12.024
7.142,00;026.20.090
7.142,00;026.12.025
7.142,00;026.30.040
7.144,00;024.30.001
7.144,00;024.30.006
7.144,00;024.30.003
7.144,00;024.30.005
7.144,00;016.30.002
7.144,00;016.30.001
7.144,00;026.24.022
7.145,00;010.01.015
7.145,00;010.20.002
7.145,00;012.01.012
7.145,00;012.30.002
7.145,00;011.30.003
7.145,00;011.30.006
7.145,00;028.19.562
7.145,00;026.24.022
7.146,00;028.19.503
7.148,00;012.01.011
7.148,00;012.01.012
7.148,00;010.01.001
7.148,00;013.20.002
7.148,00;013.20.001
7.149,00;028.19.632
7.149,00;031.19.064
7.149,00;031.19.065
7.149,00;031.19.380
7.150,00;028.19.719
7.151,00;027.05.001
7.152,00;027.05.001
7.156,00;024.25.010
7.156,00;024.25.011
7.157,00;018.25.002
7.161,00;011.30.005
7.161,00;015.30.003
7.161,00;011.30.003
7.162,00;009.05.028
7.162,00;009.19.014
7.165,00;008.19.217
7.165,00;031.12.061
7.165,00;008.19.455
7.165,00;008.19.274
7.165,00;008.19.937
7.165,00;015.30.005
7.165,00;014.19.004
7.165,00;012.01.003
7.165,00;010.01.001
7.165,00;010.30.001
7.166,00;031.19.351
7.166,00;031.19.396
7.169,00;006.21.011
7.172,00;008.19.264
7.174,00;020.08.001
7.174,00;006.21.003
7.175,00;024.13.002
7.176,00;028.19.189
7.176,00;031.19.195
7.177,00;018.19.001
7.177,00;012.01.011
7.177,00;012.01.012
7.177,00;026.24.022
7.178,00;013.20.002
7.178,00;013.20.001
7.178,00;013.24.001
7.183,00;008.19.191
7.183,00;008.19.192
7.183,00;015.03.004
7.183,00;015.03.005
7.184,00;024.07.012
7.184,00;024.01.002
7.184,00;006.03.002
7.185,00;011.19.016
7.185,00;011.19.015
7.185,00;027.19.010
7.186,00;013.05.015
7.186,00;014.01.009
7.186,00;014.01.011
7.186,00;008.12.107
7.186,00;012.30.001
7.187,00;016.17.014
7.182,00;006.21.001
7.182,00;006.21.009
7.182,00;012.30.006
7.182,00;012.30.006
7.182,00;031.19.248
7.182,00;031.05.004
7.182,00;013.34.001
7.182,00;013.34.002
7.188,00;015.03.004
7.188,00;015.03.002
7.188,00;011.01.051
7.189,00;015.01.005
7.189,00;010.01.002
7.189,00;031.19.067
7.189,00;028.19.385
7.190,00;031.19.072
7.190,00;028.19.564
7.190,00;008.01.271
7.190,00;008.01.270
7.190,00;031.12.048
7.191,00;031.19.229
7.193,00;006.21.002
7.193,00;004.06.003
7.197,00;010.01.002
7.197,00;012.01.003
7.197,00;014.19.004
7.198,00;024.25.053
7.198,00;024.25.055
7.199,00;024.25.047
7.200,00;015.03.003
7.201,00;012.01.012
7.202,00;011.19.015
7.204,00;008.19.598
7.204,00;008.19.963
7.204,00;008.19.964
7.204,00;028.12.053
7.204,00;028.12.054
7.204,00;028.12.055
7.204,00;011.30.004
7.204,00;011.30.006
7.204,00;011.30.005
7.204,00;006.03.002
7.204,00;006.21.011
7.205,00;031.19.398
7.205,00;028.19.400
7.205,00;008.19.264
7.205,00;008.19.341
7.206,00;031.12.066
7.206,00;008.19.264
7.206,00;028.19.503
7.206,00;010.01.002
7.206,00;010.01.001
7.206,00;012.01.004
7.206,00;012.01.003
7.207,00;031.19.399
7.207,00;027.19.002
7.208,00;008.19.682
7.208,00;008.19.963
7.208,00;008.19.964
7.208,00;031.19.401
7.211,00;008.19.860
7.212,00;028.19.929
7.214,00;026.24.071
7.221,00;010.01.002
7.221,00;010.01.001
7.222,00;002.06.037
7.223,00;006.21.011
7.225,00;009.05.003
7.226,00;009.19.016
7.230,00;013.05.029
7.230,00;028.19.403
7.230,00;028.19.339
7.230,00;013.20.002
7.230,00;015.01.005
7.231,00;006.21.001
7.232,00;026.18.068
7.233,00;019.09.001
7.233,00;020.09.001
7.235,00;008.19.082
7.236,00;031.19.402
7.236,00;031.19.403
7.236,00;031.19.404
7.236,00;008.19.040
7.236,00;028.19.530
7.236,00;028.19.873
7.237,00;031.19.405
7.239,00;028.19.382
7.239,00;008.12.119
7.239,00;008.12.118
7.239,00;008.19.657
7.240,00;025.13.017
7.245,00;013.05.035
7.245,00;013.05.034
7.245,00;013.05.033
7.247,00;016.01.003
7.247,00;020.08.006
7.247,00;019.09.001
7.247,00;020.09.001
7.247,00;024.25.082
7.244,00;013.05.001
7.244,00;013.05.031
7.244,00;013.05.033
7.244,00;013.05.034
7.244,00;012.01.011
7.244,00;012.01.012
7.244,00;028.19.315
7.244,00;029.20.008
7.244,00;013.01.049
7.244,00;031.19.394
7.244,00;031.12.070
7.248,00;002.06.013
7.248,00;002.06.031
7.248,00;006.03.002
7.248,00;007.02.002
7.249,00;012.01.012
7.249,00;010.01.001
7.254,00;013.01.040
7.254,00;015.01.018
7.254,00;009.01.030
7.254,00;016.01.023
7.254,00;011.30.006
7.254,00;013.34.004
7.254,00;013.01.048
7.254,00;013.05.015
7.254,00;013.34.003
7.254,00;013.01.030
7.256,00;008.19.033
7.256,00;008.19.035
7.256,00;008.19.142
7.256,00;028.12.060
7.256,00;008.19.264
7.257,00;006.21.001
7.257,00;006.21.002
7.257,00;006.21.011
7.257,00;006.03.002
7.258,00;004.06.003
7.258,00;006.03.002
7.258,00;016.05.002
7.265,00;008.19.639
7.266,00;012.01.011
7.266,00;015.01.005
7.266,00;013.05.015
7.266,00;028.19.403
7.266,00;010.01.001
7.267,00;015.03.005
7.267,00;008.19.317
7.268,00;024.25.011
7.268,00;024.25.049
7.269,00;011.30.015
7.269,00;012.01.012
7.269,00;010.01.001
7.272,00;025.24.011
7.273,00;024.25.001
7.274,00;012.01.012
7.274,00;014.19.004
7.274,00;010.01.002
7.274,00;028.19.782
7.274,00;008.19.057
7.278,00;031.19.007
7.278,00;014.19.004
7.279,00;019.09.002
7.283,00;027.19.006
7.283,00;028.19.400
7.283,00;008.19.341
7.283,00;008.12.091
7.284,00;015.03.002
7.285,00;020.09.001
7.286,00;015.03.004
7.287,00;008.19.543
7.287,00;028.19.996
7.287,00;028.19.998
7.287,00;028.19.916
7.287,00;031.19.040
7.288,00;008.19.643
7.289,00;028.19.128
7.289,00;028.19.495
7.289,00;028.19.965
7.290,00;028.19.503
7.291,00;025.13.044
7.300,00;008.19.217
7.300,00;031.12.061
7.300,00;011.30.005
7.300,00;012.01.003
7.305,00;028.19.632
7.305,00;031.19.064
7.305,00;031.19.065
7.305,00;031.19.380
7.306,00;008.19.658
7.307,00;028.19.754
7.307,00;008.19.217
7.307,00;012.01.012
7.308,00;018.19.001
7.309,00;024.30.001
7.309,00;024.30.006
7.309,00;024.30.003
7.309,00;024.30.002
7.310,00;013.20.002
7.310,00;012.01.012
7.310,00;012.19.006
7.310,00;012.01.003
7.310,00;012.19.004
7.310,00;011.30.001
7.311,00;031.19.412
7.311,00;028.19.836
7.311,00;031.19.413
7.311,00;011.30.002
7.311,00;001.02.006
7.311,00;014.19.004
7.312,00;007.06.002
7.312,00;005.06.009
7.313,00;013.01.007
7.316,00;017.05.003
7.316,00;005.06.009
7.316,00;005.06.010
7.317,00;024.25.055
7.318,00;024.25.052
7.319,00;002.06.006
7.319,00;002.06.007
7.324,00;008.19.881
7.324,00;008.19.142
7.324,00;027.19.010
7.325,00;031.19.406
7.325,00;024.30.003
7.327,00;027.19.008
7.327,00;028.19.588
7.327,00;011.30.003
7.327,00;012.30.001
7.327,00;012.01.003
7.327,00;014.19.004
7.328,00;011.30.006
7.328,00;011.30.004
7.328,00;026.24.022
7.329,00;010.01.001
7.329,00;008.19.264
7.329,00;008.19.327
7.329,00;008.12.091
7.329,00;026.24.022
7.329,00;028.19.562
7.330,00;009.05.001
7.330,00;009.05.002
7.330,00;027.19.021
7.330,00;015.30.005
7.330,00;009.34.001
7.330,00;009.34.002
7.330,00;031.19.395
7.330,00;031.19.397
7.332,00;010.01.002
7.332,00;010.01.002
7.332,00;012.01.012
7.332,00;015.01.018
7.332,00;015.01.018
7.332,00;015.01.018
7.332,00;008.19.236
7.332,00;008.19.236
7.332,00;008.19.236
7.332,00;008.19.236
7.332,00;008.12.067
7.332,00;008.12.067
7.332,00;008.12.067
7.332,00;008.12.067
7.332,00;008.12.080
7.332,00;008.12.080
7.332,00;008.19.662
7.332,00;008.19.662
7.332,00;008.12.115
7.332,00;008.19.702
7.332,00;008.19.702
7.332,00;008.12.144
7.332,00;026.05.013
7.332,00;028.12.014
7.332,00;014.19.004
7.332,00;014.19.004
7.332,00;014.19.004
7.332,00;014.19.004
7.332,00;014.19.004
7.332,00;014.19.004
7.332,00;028.19.315
7.332,00;028.19.315
7.332,00;028.19.315
7.332,00;028.19.315
7.332,00;028.19.335
7.332,00;028.19.401
7.332,00;028.19.639
7.332,00;028.19.639
7.332,00;028.19.645
7.332,00;012.28.001
7.332,00;028.19.818
7.332,00;028.19.818
7.332,00;028.19.818
7.332,00;028.01.002
7.332,00;028.01.002
7.332,00;031.19.116
7.332,00;031.19.330
7.332,00;009.34.001
7.332,00;009.34.002
7.332,00;013.34.004
7.332,00;013.34.004
7.334,00;031.12.071
7.334,00;031.12.072
7.334,00;031.12.073
7.334,00;031.12.074
7.334,00;008.19.337
7.335,00;031.19.006
7.335,00;031.19.410
7.335,00;031.19.411
7.335,00;015.03.002
7.335,00;015.03.001
7.337,00;013.20.001
7.338,00;027.05.002
7.340,00;006.03.002
7.340,00;006.21.002
7.340,00;017.05.003
7.340,00;002.06.023
7.340,00;002.06.020
7.340,00;015.03.003
7.340,00;008.19.038
7.340,00;008.19.039
7.340,00;002.06.008
7.341,00;012.01.011
7.344,00;024.30.001
7.345,00;031.19.407
7.345,00;031.19.193
7.345,00;031.19.408
7.345,00;031.19.409
7.345,00;009.01.002
7.346,00;012.01.003
7.346,00;012.01.004
7.347,00;024.25.011
7.351,00;013.28.001
7.352,00;019.09.001
7.352,00;020.09.001
7.352,00;008.19.078
7.352,00;008.19.079
7.352,00;024.25.083
7.355,00;008.19.356
7.357,00;028.19.519
7.357,00;031.19.416
7.358,00;031.19.417
7.358,00;031.19.418
7.358,00;031.19.419
7.358,00;028.19.988
7.359,00;015.03.001
7.359,00;012.28.001
7.359,00;011.30.001
7.360,00;008.19.316
7.360,00;008.19.715
7.360,00;008.19.317
7.360,00;008.19.896
7.360,00;028.19.251
7.360,00;008.19.897
7.360,00;004.06.001
7.362,00;031.19.415
7.363,00;026.25.014
7.363,00;026.25.015
7.363,00;026.25.016
7.364,00;028.19.752
7.350,00;012.01.011
7.350,00;013.34.004
7.361,00;006.21.009
7.361,00;006.21.009
7.361,00;006.21.009
7.361,00;028.20.003
7.361,00;012.30.006
7.361,00;012.30.006
7.361,00;012.30.006
7.361,00;011.30.021
7.361,00;011.30.021
7.361,00;031.19.248
7.361,00;031.19.248
7.361,00;031.05.004
7.361,00;013.34.001
7.361,00;013.34.002
7.366,00;016.01.023
7.366,00;016.17.014
7.367,00;019.09.001
7.368,00;008.19.217
7.368,00;011.30.001
7.368,00;012.30.001
7.368,00;012.30.002
7.368,00;016.01.022
7.368,00;014.30.002
7.368,00;028.19.341
7.368,00;028.19.162
7.369,00;024.07.012
7.372,00;002.06.006
7.373,00;008.19.836
7.373,00;031.19.421
7.373,00;031.19.422
7.373,00;008.12.054
7.375,00;019.09.001
7.375,00;020.09.001
7.376,00;024.11.003
7.376,00;016.01.003
7.376,00;008.19.313
7.376,00;011.19.025
7.376,00;024.01.002
7.376,00;025.13.031
7.376,00;009.05.028
7.377,00;026.20.036
7.377,00;026.20.035
7.380,00;024.25.010
7.380,00;025.13.031
7.382,00;031.19.079
7.382,00;028.19.916
7.382,00;031.19.038
7.382,00;031.19.040
7.383,00;028.19.045
7.385,00;006.21.001
7.385,00;015.03.003
7.386,00;006.21.001
7.386,00;006.21.002
7.386,00;006.21.011
7.387,00;015.01.005
7.388,00;024.25.011
7.388,00;006.21.011
7.389,00;007.02.001
7.390,00;026.18.101
7.394,00;012.01.011
7.394,00;016.01.023
7.397,00;028.19.402
7.398,00;028.19.387
7.399,00;008.12.118
7.399,00;004.06.003
7.402,00;008.19.693
7.403,00;031.19.056
7.404,00;024.24.004
7.404,00;026.24.022
7.405,00;031.19.423
7.406,00;012.19.006
7.406,00;016.01.023
7.407,00;008.19.038
7.409,00;031.19.425
7.409,00;018.04.026
7.410,00;008.12.119
7.410,00;024.07.012
7.411,00;028.19.640
7.411,00;028.19.731
7.413,00;002.06.007
7.413,00;002.06.011
7.414,00;026.30.006
7.414,00;026.24.022
7.419,00;016.01.023
7.421,00;006.21.002
7.421,00;009.19.012
7.421,00;026.24.022
7.422,00;012.30.001
7.422,00;012.30.002
7.425,00;008.19.118
7.425,00;028.19.730
7.425,00;017.05.003
7.425,00;008.19.087
7.425,00;031.19.431
7.426,00;025.13.005
7.426,00;012.01.012
7.426,00;015.01.005
7.427,00;012.01.012
7.427,00;012.01.003
7.427,00;012.01.004
7.427,00;031.19.436
7.428,00;028.19.045
7.428,00;008.19.690
7.428,00;008.19.367
7.428,00;028.12.060
7.428,00;031.12.048
7.428,00;031.12.075
7.428,00;031.19.432
7.428,00;031.19.433
7.428,00;031.19.434
7.428,00;031.19.435
7.429,00;024.25.005
7.429,00;009.19.016
7.430,00;016.01.002
7.430,00;015.03.005
7.430,00;015.03.002
7.430,00;008.19.079
7.430,00;026.01.041
7.430,00;019.09.001
7.432,00;027.19.002
7.432,00;027.19.025
7.433,00;028.19.954
7.433,00;028.19.957
7.433,00;031.19.426
7.433,00;031.19.427
7.433,00;024.07.012
7.433,00;015.03.004
7.435,00;010.01.001
7.436,00;024.25.010
7.440,00;026.18.021
7.441,00;025.13.030
7.447,00;008.19.581
7.447,00;008.19.582
7.447,00;028.19.984
7.447,00;028.19.985
7.447,00;028.19.986
7.447,00;028.19.987
7.448,00;016.05.005
7.448,00;031.19.437
7.448,00;031.19.438
7.449,00;012.19.005
7.449,00;012.19.006
7.449,00;012.19.004
7.449,00;012.28.002
7.450,00;015.03.005
7.450,00;008.19.037
7.451,00;018.04.006
7.452,00;028.19.632
7.452,00;031.19.064
7.453,00;008.01.272
7.454,00;011.19.015
7.454,00;027.19.010
7.455,00;028.01.002
7.455,00;026.24.022
7.459,00;006.21.011
7.460,00;011.12.001
7.460,00;011.12.005
7.460,00;028.19.782
7.460,00;010.18.002
7.463,00;024.25.010
7.464,00;010.20.001
7.464,00;016.05.005
7.464,00;013.05.029
7.465,00;018.25.011
7.473,00;031.19.134
7.473,00;031.19.181
7.473,00;031.19.182
7.474,00;028.12.080
7.475,00;008.19.836
7.476,00;006.03.002
7.476,00;004.06.001
7.476,00;008.19.715
7.476,00;008.19.316
7.476,00;008.19.318
7.476,00;008.19.319
7.476,00;028.19.251
7.476,00;008.19.896
7.476,00;028.19.261
7.476,00;028.19.259
7.477,00;019.09.001
7.478,00;008.12.010
7.478,00;019.09.001
7.478,00;020.09.001
7.479,00;010.01.001
7.479,00;012.19.005
7.482,00;024.30.002
7.483,00;015.01.005
7.483,00;014.19.004
7.483,00;028.19.782
7.483,00;012.01.012
7.484,00;028.19.669
7.484,00;028.19.295
7.486,00;012.01.003
7.486,00;012.01.012
7.487,00;015.03.001
7.488,00;026.18.005
7.489,00;008.19.039
7.489,00;015.03.002
7.491,00;004.06.003
7.491,00;001.02.014
7.491,00;001.02.010
7.491,00;001.02.006
7.491,00;015.03.005
7.491,00;006.21.003
7.491,00;006.03.002
7.494,00;028.19.383
7.494,00;008.19.441
7.495,00;002.06.037
7.495,00;006.21.011
7.496,00;008.19.039
7.497,00;012.01.011
7.497,00;010.01.001
7.497,00;011.01.045
7.498,00;015.30.005
7.498,00;015.05.001
7.499,00;010.20.002
7.499,00;012.28.001
7.500,00;004.06.001
7.500,00;001.02.003
7.500,00;001.02.014
7.501,00;028.19.956
7.501,00;031.19.439
7.502,00;020.08.006
7.503,00;015.03.001
7.503,00;009.05.050
7.503,00;015.05.013
7.505,00;014.19.004
7.505,00;012.01.003
7.505,00;011.30.003
7.505,00;011.30.002
7.506,00;011.19.025
7.506,00;027.19.008
7.506,00;027.19.025
7.507,00;028.12.047
7.507,00;024.30.003
7.509,00;012.19.006
7.510,00;016.01.016
7.510,00;016.01.002
7.516,00;009.05.028
7.516,00;009.19.017
7.517,00;012.01.012
7.518,00;010.01.002
7.518,00;010.01.001
7.519,00;028.19.707
7.519,00;014.19.004
7.519,00;015.01.005
7.520,00;015.30.005
7.521,00;015.03.005
7.521,00;015.03.004
7.522,00;031.19.443
7.523,00;024.30.003
7.523,00;008.19.264
7.524,00;016.05.005
7.524,00;015.30.003
7.524,00;011.30.003
7.524,00;011.30.002
7.524,00;006.21.011
7.525,00;028.01.002
7.525,00;031.19.180
7.525,00;031.19.198
7.525,00;009.01.026
7.525,00;031.24.001
7.527,00;002.06.036
7.531,00;009.19.016
7.532,00;031.19.058
7.532,00;031.19.057
7.532,00;031.19.059
7.533,00;006.21.011
7.533,00;006.21.002
7.534,00;008.19.684
7.534,00;008.19.598
7.534,00;008.19.964
7.534,00;008.19.581
7.534,00;028.19.214
7.538,00;010.01.001
7.538,00;012.01.011
7.540,00;013.34.002
7.540,00;013.34.003
7.540,00;013.01.047
7.545,00;002.06.031
7.545,00;005.02.001
7.545,00;017.05.003
7.543,00;026.20.056
7.543,00;026.24.060
7.543,00;026.20.092
7.544,00;010.01.002
7.544,00;010.01.002
7.544,00;010.01.002
7.544,00;010.01.002
7.544,00;010.01.002
7.544,00;002.06.010
7.544,00;012.01.012
7.544,00;012.01.012
7.544,00;012.01.012
7.544,00;012.01.012
7.544,00;027.19.006
7.544,00;015.01.018
7.544,00;015.01.018
7.544,00;015.01.018
7.544,00;008.19.070
7.544,00;008.19.070
7.544,00;008.19.236
7.544,00;008.19.236
7.544,00;008.12.067
7.544,00;013.20.001
7.544,00;011.19.012
7.544,00;008.19.662
7.544,00;008.19.662
7.544,00;008.19.662
7.544,00;008.12.115
7.544,00;008.12.115
7.544,00;008.12.115
7.544,00;008.20.003
7.544,00;008.19.702
7.544,00;008.19.702
7.544,00;008.19.702
7.544,00;008.19.702
7.544,00;008.12.144
7.544,00;008.12.144
7.544,00;008.12.144
7.544,00;008.12.144
7.544,00;008.12.145
7.544,00;008.12.145
7.544,00;028.19.116
7.544,00;028.19.116
7.544,00;028.19.116
7.544,00;018.19.001
7.544,00;014.19.004
7.544,00;014.19.004
7.544,00;014.19.004
7.544,00;014.19.004
7.544,00;014.19.004
7.544,00;028.19.258
7.544,00;028.19.258
7.544,00;028.19.315
7.544,00;028.19.315
7.544,00;028.19.315
7.544,00;028.19.315
7.544,00;028.19.315
7.544,00;028.19.315
7.544,00;028.19.315
7.544,00;028.19.335
7.544,00;028.19.419
7.544,00;028.19.419
7.544,00;028.19.645
7.544,00;028.19.645
7.544,00;028.19.645
7.544,00;012.28.001
7.544,00;012.28.001
7.544,00;028.19.818
7.544,00;028.19.818
7.544,00;028.01.002
7.544,00;028.01.002
7.544,00;028.01.002
7.544,00;028.19.893
7.544,00;028.19.908
7.544,00;009.18.010
7.544,00;009.18.010
7.544,00;031.19.116
7.544,00;031.12.019
7.544,00;031.12.019
7.544,00;026.18.100
7.544,00;009.18.011
7.544,00;026.20.089
7.544,00;031.12.041
7.544,00;009.24.003
7.544,00;031.19.330
7.544,00;013.01.047
7.544,00;013.01.047
7.544,00;013.01.048
7.544,00;009.34.001
7.544,00;026.20.090
7.544,00;013.34.003
7.544,00;013.34.003
7.544,00;013.34.004
7.544,00;031.19.414
7.548,00;020.09.002
7.549,00;031.19.040
7.549,00;008.19.132
7.550,00;026.18.068
7.550,00;026.18.020
7.555,00;015.01.018
7.555,00;010.01.001
7.555,00;004.06.003
7.555,00;028.12.028
7.555,00;012.01.004
7.555,00;026.24.022
7.556,00;031.19.406
7.556,00;031.19.447
7.557,00;031.19.448
7.558,00;027.19.011
7.558,00;010.01.001
7.559,00;027.19.009
7.559,00;011.19.025
7.559,00;008.19.560
7.559,00;026.19.004
7.560,00;031.19.226
7.561,00;004.06.001
7.561,00;006.03.002
7.561,00;024.01.002
7.562,00;017.05.003
7.563,00;006.21.011
7.567,00;016.01.002
7.567,00;002.06.008
7.568,00;028.19.955
7.568,00;028.19.956
7.568,00;015.03.011
7.569,00;008.12.118
7.570,00;012.01.012
7.570,00;010.01.001
7.570,00;014.19.004
7.571,00;008.19.910
7.571,00;011.19.015
7.571,00;011.19.017
7.571,00;027.19.026
7.572,00;024.25.005
7.575,00;015.05.061
7.575,00;015.05.056
7.575,00;011.30.002
7.575,00;016.01.023
7.576,00;024.25.061
7.577,00;016.01.023
7.577,00;016.17.014
7.578,00;012.30.001
7.580,00;028.19.253
7.583,00;015.30.005
7.583,00;009.05.001
7.583,00;016.01.022
7.584,00;012.01.012
7.584,00;008.19.193
7.584,00;026.24.022
7.585,00;012.01.011
7.585,00;026.24.022
7.586,00;012.01.011
7.586,00;010.01.001
7.587,00;008.19.428
7.588,00;028.19.419
7.588,00;028.19.501
7.589,00;013.24.001
7.596,00;006.21.002
7.598,00;009.28.002
7.599,00;022.04.003
7.594,00;015.30.004
7.595,00;013.05.001
7.595,00;013.20.001
7.597,00;006.21.001
7.597,00;006.21.009
7.597,00;006.21.009
7.597,00;011.19.021
7.597,00;012.30.006
7.597,00;012.30.006
7.597,00;012.30.006
7.597,00;031.19.248
7.597,00;031.19.248
7.597,00;031.19.248
7.597,00;012.19.014
7.597,00;026.24.072
7.603,00;015.01.005
7.603,00;012.01.012
7.603,00;008.12.122
7.604,00;031.19.411
7.604,00;015.03.001
7.604,00;015.03.002
7.604,00;028.19.253
7.605,00;031.19.146
7.605,00;004.06.003
7.609,00;008.19.079
7.609,00;008.19.212
7.609,00;008.19.190
7.609,00;015.03.005
7.609,00;015.03.003
7.609,00;024.25.001
7.610,00;012.01.012
7.612,00;029.18.003
7.613,00;008.19.345
7.613,00;008.12.106
7.614,00;028.12.060
7.614,00;008.12.010
7.615,00;011.30.001
7.615,00;012.30.001
7.615,00;006.21.002
7.616,00;006.21.003
7.618,00;011.30.003
7.618,00;011.30.017
7.618,00;026.24.022
7.619,00;012.30.001
7.619,00;011.30.001
7.619,00;012.01.012
7.619,00;012.01.004
7.619,00;011.30.003
7.619,00;011.30.002
7.619,00;026.24.022
7.620,00;015.30.004
7.620,00;011.12.017
7.620,00;027.05.001
7.620,00;031.12.077
7.620,00;031.12.076
7.620,00;031.12.078
7.623,00;009.28.004
7.627,00;011.30.002
7.627,00;011.30.003
7.627,00;002.06.006
7.627,00;002.06.010
7.627,00;006.21.002
7.627,00;026.30.015
7.627,00;001.02.010
7.627,00;026.24.022
7.628,00;016.01.016
7.628,00;016.05.005
7.628,00;013.01.032
7.629,00;025.13.002
7.630,00;015.03.003
7.631,00;024.07.012
7.631,00;020.08.001
7.633,00;031.19.248
7.633,00;031.05.004
7.635,00;019.09.002
7.636,00;028.19.759
7.636,00;008.19.518
7.636,00;008.19.321
7.636,00;008.19.311
7.636,00;008.19.610
7.636,00;008.19.412
7.636,00;011.30.003
7.636,00;011.30.005
7.636,00;012.19.006
7.636,00;012.19.005
7.637,00;026.18.005
7.639,00;010.01.002
7.639,00;008.12.067
7.639,00;008.19.333
7.639,00;008.19.663
7.639,00;008.19.702
7.639,00;028.12.014
7.639,00;028.19.258
7.639,00;028.19.315
7.639,00;028.19.335
7.639,00;026.01.050
7.639,00;026.30.027
7.639,00;031.19.451
7.646,00;009.19.002
7.646,00;009.19.003
7.646,00;009.05.032
7.646,00;024.25.049
7.646,00;024.25.005
7.646,00;024.25.011
7.646,00;024.25.010
7.646,00;024.25.009
7.646,00;024.25.037
7.647,00;012.01.011
7.647,00;010.01.001
7.648,00;008.19.489
7.648,00;008.19.356
7.648,00;028.19.623
7.648,00;031.19.453
7.649,00;015.03.005
7.649,00;004.06.003
26.634.083,00;
